Category,Tranche,Sample,Index,Value,Units
BoS R&D,BoS High R&D,1,GHG,-0.004061533535661965,ΔgCO2e/system
BoS R&D,BoS High R&D,1,LCOE,0.00996743268462133,Δ$/kWh
BoS R&D,BoS High R&D,1,Labor,-490.8593144106635,Δ$/system
BoS R&D,BoS High R&D,2,GHG,0.001960078226204587,ΔgCO2e/system
BoS R&D,BoS High R&D,2,LCOE,0.010153563875295105,Δ$/kWh
BoS R&D,BoS High R&D,2,Labor,-453.1454667587359,Δ$/system
BoS R&D,BoS High R&D,3,GHG,-0.0013663324130277488,ΔgCO2e/system
BoS R&D,BoS High R&D,3,LCOE,0.010202113121276432,Δ$/kWh
BoS R&D,BoS High R&D,3,Labor,-533.6083512276728,Δ$/system
BoS R&D,BoS High R&D,4,GHG,-0.006860886915418973,ΔgCO2e/system
BoS R&D,BoS High R&D,4,LCOE,0.009817626121506412,Δ$/kWh
BoS R&D,BoS High R&D,4,Labor,-441.16460425958485,Δ$/system
BoS R&D,BoS High R&D,5,GHG,-0.0002023349347268777,ΔgCO2e/system
BoS R&D,BoS High R&D,5,LCOE,0.010462413599574658,Δ$/kWh
BoS R&D,BoS High R&D,5,Labor,-572.2121278976783,Δ$/system
BoS R&D,BoS High R&D,6,GHG,-0.002574461245487214,ΔgCO2e/system
BoS R&D,BoS High R&D,6,LCOE,0.010785124679448338,Δ$/kWh
BoS R&D,BoS High R&D,6,Labor,-528.6565159120928,Δ$/system
BoS R&D,BoS High R&D,7,GHG,-0.006016318095831252,ΔgCO2e/system
BoS R&D,BoS High R&D,7,LCOE,0.010093800297805641,Δ$/kWh
BoS R&D,BoS High R&D,7,Labor,-522.6636219996897,Δ$/system
BoS R&D,BoS High R&D,8,GHG,-0.00445220870768992,ΔgCO2e/system
BoS R&D,BoS High R&D,8,LCOE,0.009831737557279466,Δ$/kWh
BoS R&D,BoS High R&D,8,Labor,-515.1031769478643,Δ$/system
BoS R&D,BoS High R&D,9,GHG,-0.0037243644400888343,ΔgCO2e/system
BoS R&D,BoS High R&D,9,LCOE,0.00985034066428446,Δ$/kWh
BoS R&D,BoS High R&D,9,Labor,-489.74311931240345,Δ$/system
BoS R&D,BoS High R&D,10,GHG,-0.0051593619546395075,ΔgCO2e/system
BoS R&D,BoS High R&D,10,LCOE,0.010609815517870061,Δ$/kWh
BoS R&D,BoS High R&D,10,Labor,-528.0982614027303,Δ$/system
BoS R&D,BoS High R&D,11,GHG,-0.003151362818513803,ΔgCO2e/system
BoS R&D,BoS High R&D,11,LCOE,0.010319979351880407,Δ$/kWh
BoS R&D,BoS High R&D,11,Labor,-504.9115499832526,Δ$/system
BoS R&D,BoS High R&D,12,GHG,-0.0026500461092240357,ΔgCO2e/system
BoS R&D,BoS High R&D,12,LCOE,0.010439783289366247,Δ$/kWh
BoS R&D,BoS High R&D,12,Labor,-523.2453183021648,Δ$/system
BoS R&D,BoS High R&D,13,GHG,-0.00011094580980852697,ΔgCO2e/system
BoS R&D,BoS High R&D,13,LCOE,0.010278981312384874,Δ$/kWh
BoS R&D,BoS High R&D,13,Labor,-508.7612975355578,Δ$/system
BoS R&D,BoS High R&D,14,GHG,-0.008625590886310874,ΔgCO2e/system
BoS R&D,BoS High R&D,14,LCOE,0.009399913970843748,Δ$/kWh
BoS R&D,BoS High R&D,14,Labor,-488.9374801230165,Δ$/system
BoS R&D,BoS High R&D,15,GHG,-0.006027539524794179,ΔgCO2e/system
BoS R&D,BoS High R&D,15,LCOE,0.00985320044870748,Δ$/kWh
BoS R&D,BoS High R&D,15,Labor,-450.4631917773486,Δ$/system
BoS R&D,BoS High R&D,16,GHG,-0.00023373563769268912,ΔgCO2e/system
BoS R&D,BoS High R&D,16,LCOE,0.010457185688775045,Δ$/kWh
BoS R&D,BoS High R&D,16,Labor,-566.1881853679549,Δ$/system
BoS R&D,BoS High R&D,17,GHG,-0.0001601055875255497,ΔgCO2e/system
BoS R&D,BoS High R&D,17,LCOE,0.010348504337067937,Δ$/kWh
BoS R&D,BoS High R&D,17,Labor,-535.8936056392679,Δ$/system
BoS R&D,BoS High R&D,18,GHG,-0.002952211684885242,ΔgCO2e/system
BoS R&D,BoS High R&D,18,LCOE,0.009850585028324518,Δ$/kWh
BoS R&D,BoS High R&D,18,Labor,-501.07883391637415,Δ$/system
BoS R&D,BoS High R&D,19,GHG,-0.004319024275858396,ΔgCO2e/system
BoS R&D,BoS High R&D,19,LCOE,0.00989789711767522,Δ$/kWh
BoS R&D,BoS High R&D,19,Labor,-490.0622313869826,Δ$/system
BoS R&D,BoS High R&D,20,GHG,-0.00914779306623359,ΔgCO2e/system
BoS R&D,BoS High R&D,20,LCOE,0.009798455502752768,Δ$/kWh
BoS R&D,BoS High R&D,20,Labor,-508.06219018106367,Δ$/system
BoS R&D,BoS High R&D,21,GHG,-0.004335145624892789,ΔgCO2e/system
BoS R&D,BoS High R&D,21,LCOE,0.010238509536348542,Δ$/kWh
BoS R&D,BoS High R&D,21,Labor,-485.86790918394695,Δ$/system
BoS R&D,BoS High R&D,22,GHG,0.0015982674963055388,ΔgCO2e/system
BoS R&D,BoS High R&D,22,LCOE,0.010240645092271142,Δ$/kWh
BoS R&D,BoS High R&D,22,Labor,-453.3166359626821,Δ$/system
BoS R&D,BoS High R&D,23,GHG,-0.007821038377670675,ΔgCO2e/system
BoS R&D,BoS High R&D,23,LCOE,0.009843746905769571,Δ$/kWh
BoS R&D,BoS High R&D,23,Labor,-485.3014121619874,Δ$/system
BoS R&D,BoS High R&D,24,GHG,-0.002126992434710928,ΔgCO2e/system
BoS R&D,BoS High R&D,24,LCOE,0.010416463057901448,Δ$/kWh
BoS R&D,BoS High R&D,24,Labor,-476.19147724112077,Δ$/system
BoS R&D,BoS High R&D,25,GHG,0.0026666227186638025,ΔgCO2e/system
BoS R&D,BoS High R&D,25,LCOE,0.00991739800061596,Δ$/kWh
BoS R&D,BoS High R&D,25,Labor,-491.9738785082807,Δ$/system
BoS R&D,BoS High R&D,26,GHG,0.001878286242359195,ΔgCO2e/system
BoS R&D,BoS High R&D,26,LCOE,0.010156661663483085,Δ$/kWh
BoS R&D,BoS High R&D,26,Labor,-481.32482463147926,Δ$/system
BoS R&D,BoS High R&D,27,GHG,-0.0012902416377045256,ΔgCO2e/system
BoS R&D,BoS High R&D,27,LCOE,0.010408147159163772,Δ$/kWh
BoS R&D,BoS High R&D,27,Labor,-491.4456229991915,Δ$/system
BoS R&D,BoS High R&D,28,GHG,-0.0050576554407513186,ΔgCO2e/system
BoS R&D,BoS High R&D,28,LCOE,0.010345653048475414,Δ$/kWh
BoS R&D,BoS High R&D,28,Labor,-582.7773121599284,Δ$/system
BoS R&D,BoS High R&D,29,GHG,-0.0013183606594679986,ΔgCO2e/system
BoS R&D,BoS High R&D,29,LCOE,0.010515975236202957,Δ$/kWh
BoS R&D,BoS High R&D,29,Labor,-536.8876646287395,Δ$/system
BoS R&D,BoS High R&D,30,GHG,-0.004499784774026239,ΔgCO2e/system
BoS R&D,BoS High R&D,30,LCOE,0.009356900810877214,Δ$/kWh
BoS R&D,BoS High R&D,30,Labor,-469.53328839316396,Δ$/system
BoS R&D,BoS High R&D,31,GHG,-0.00498671528812622,ΔgCO2e/system
BoS R&D,BoS High R&D,31,LCOE,0.010633285657667108,Δ$/kWh
BoS R&D,BoS High R&D,31,Labor,-546.9969457557211,Δ$/system
BoS R&D,BoS High R&D,32,GHG,-0.00266534565619736,ΔgCO2e/system
BoS R&D,BoS High R&D,32,LCOE,0.009768040028027489,Δ$/kWh
BoS R&D,BoS High R&D,32,Labor,-464.9617107055076,Δ$/system
BoS R&D,BoS High R&D,33,GHG,-0.001621184765298267,ΔgCO2e/system
BoS R&D,BoS High R&D,33,LCOE,0.010324878369168358,Δ$/kWh
BoS R&D,BoS High R&D,33,Labor,-554.3127668458183,Δ$/system
BoS R&D,BoS High R&D,34,GHG,-0.002184836711123239,ΔgCO2e/system
BoS R&D,BoS High R&D,34,LCOE,0.010462113306649423,Δ$/kWh
BoS R&D,BoS High R&D,34,Labor,-548.1085085092477,Δ$/system
BoS R&D,BoS High R&D,35,GHG,0.0013261469248391222,ΔgCO2e/system
BoS R&D,BoS High R&D,35,LCOE,0.010804374884007678,Δ$/kWh
BoS R&D,BoS High R&D,35,Labor,-508.6278772109124,Δ$/system
BoS R&D,BoS High R&D,36,GHG,-0.0008238474590172018,ΔgCO2e/system
BoS R&D,BoS High R&D,36,LCOE,0.009825628396102418,Δ$/kWh
BoS R&D,BoS High R&D,36,Labor,-458.0674640292232,Δ$/system
BoS R&D,BoS High R&D,37,GHG,-0.008051843791974989,ΔgCO2e/system
BoS R&D,BoS High R&D,37,LCOE,0.009725473166035087,Δ$/kWh
BoS R&D,BoS High R&D,37,Labor,-483.4317300324085,Δ$/system
BoS R&D,BoS High R&D,38,GHG,-0.0042653772545833135,ΔgCO2e/system
BoS R&D,BoS High R&D,38,LCOE,0.011017600911084238,Δ$/kWh
BoS R&D,BoS High R&D,38,Labor,-596.6424152358209,Δ$/system
BoS R&D,BoS High R&D,39,GHG,-0.008309881126820073,ΔgCO2e/system
BoS R&D,BoS High R&D,39,LCOE,0.010465322618679537,Δ$/kWh
BoS R&D,BoS High R&D,39,Labor,-503.8136417932542,Δ$/system
BoS R&D,BoS High R&D,40,GHG,-0.0052428613239925426,ΔgCO2e/system
BoS R&D,BoS High R&D,40,LCOE,0.009685197453464175,Δ$/kWh
BoS R&D,BoS High R&D,40,Labor,-525.1484516490711,Δ$/system
BoS R&D,BoS High R&D,41,GHG,0.0027026603111011127,ΔgCO2e/system
BoS R&D,BoS High R&D,41,LCOE,0.010441607343672832,Δ$/kWh
BoS R&D,BoS High R&D,41,Labor,-529.0685467870535,Δ$/system
BoS R&D,BoS High R&D,42,GHG,0.002782360973839104,ΔgCO2e/system
BoS R&D,BoS High R&D,42,LCOE,0.009603120270356869,Δ$/kWh
BoS R&D,BoS High R&D,42,Labor,-474.88421421226553,Δ$/system
BoS R&D,BoS High R&D,43,GHG,-0.0040745583917640715,ΔgCO2e/system
BoS R&D,BoS High R&D,43,LCOE,0.010492223869051645,Δ$/kWh
BoS R&D,BoS High R&D,43,Labor,-539.9704060082324,Δ$/system
BoS R&D,BoS High R&D,44,GHG,-0.007167688498128655,ΔgCO2e/system
BoS R&D,BoS High R&D,44,LCOE,0.010566121178186783,Δ$/kWh
BoS R&D,BoS High R&D,44,Labor,-539.1818001146764,Δ$/system
BoS R&D,BoS High R&D,45,GHG,-0.0009258818053154982,ΔgCO2e/system
BoS R&D,BoS High R&D,45,LCOE,0.010632187821897288,Δ$/kWh
BoS R&D,BoS High R&D,45,Labor,-531.2793831895715,Δ$/system
BoS R&D,BoS High R&D,46,GHG,-0.0025097825654682993,ΔgCO2e/system
BoS R&D,BoS High R&D,46,LCOE,0.00968447460568049,Δ$/kWh
BoS R&D,BoS High R&D,46,Labor,-482.20115132128103,Δ$/system
BoS R&D,BoS High R&D,47,GHG,-0.0038631666281503385,ΔgCO2e/system
BoS R&D,BoS High R&D,47,LCOE,0.009443838903461371,Δ$/kWh
BoS R&D,BoS High R&D,47,Labor,-461.4492586120057,Δ$/system
BoS R&D,BoS High R&D,48,GHG,0.0011003994798670647,ΔgCO2e/system
BoS R&D,BoS High R&D,48,LCOE,0.010390593338021128,Δ$/kWh
BoS R&D,BoS High R&D,48,Labor,-488.06758650087477,Δ$/system
BoS R&D,BoS High R&D,49,GHG,-0.002772085924917178,ΔgCO2e/system
BoS R&D,BoS High R&D,49,LCOE,0.009962398599280317,Δ$/kWh
BoS R&D,BoS High R&D,49,Labor,-512.4490597418724,Δ$/system
BoS R&D,BoS High R&D,50,GHG,-0.0009205410696608851,ΔgCO2e/system
BoS R&D,BoS High R&D,50,LCOE,0.011253345557340463,Δ$/kWh
BoS R&D,BoS High R&D,50,Labor,-576.865765400513,Δ$/system
BoS R&D,BoS Medium R&D,1,GHG,-0.003344221840805517,ΔgCO2e/system
BoS R&D,BoS Medium R&D,1,LCOE,0.00917624434464119,Δ$/kWh
BoS R&D,BoS Medium R&D,1,Labor,-389.07481155556025,Δ$/system
BoS R&D,BoS Medium R&D,2,GHG,0.001940241394009945,ΔgCO2e/system
BoS R&D,BoS Medium R&D,2,LCOE,0.008858142935864358,Δ$/kWh
BoS R&D,BoS Medium R&D,2,Labor,-377.69834504261803,Δ$/system
BoS R&D,BoS Medium R&D,3,GHG,0.003910712389867399,ΔgCO2e/system
BoS R&D,BoS Medium R&D,3,LCOE,0.00859690502359492,Δ$/kWh
BoS R&D,BoS Medium R&D,3,Labor,-308.24619604188865,Δ$/system
BoS R&D,BoS Medium R&D,4,GHG,0.0004889995041139628,ΔgCO2e/system
BoS R&D,BoS Medium R&D,4,LCOE,0.008224132925846644,Δ$/kWh
BoS R&D,BoS Medium R&D,4,Labor,-327.97073465727294,Δ$/system
BoS R&D,BoS Medium R&D,5,GHG,-0.0028131172348651035,ΔgCO2e/system
BoS R&D,BoS Medium R&D,5,LCOE,0.008429281706820835,Δ$/kWh
BoS R&D,BoS Medium R&D,5,Labor,-329.47897897312987,Δ$/system
BoS R&D,BoS Medium R&D,6,GHG,-0.0024037914100603075,ΔgCO2e/system
BoS R&D,BoS Medium R&D,6,LCOE,0.00922773221837117,Δ$/kWh
BoS R&D,BoS Medium R&D,6,Labor,-346.55247992283944,Δ$/system
BoS R&D,BoS Medium R&D,7,GHG,0.0028409245896625634,ΔgCO2e/system
BoS R&D,BoS Medium R&D,7,LCOE,0.008420060677379784,Δ$/kWh
BoS R&D,BoS Medium R&D,7,Labor,-312.6089730155809,Δ$/system
BoS R&D,BoS Medium R&D,8,GHG,-0.006380533094926477,ΔgCO2e/system
BoS R&D,BoS Medium R&D,8,LCOE,0.00846859873347329,Δ$/kWh
BoS R&D,BoS Medium R&D,8,Labor,-347.90503622712436,Δ$/system
BoS R&D,BoS Medium R&D,9,GHG,0.0005475274053452495,ΔgCO2e/system
BoS R&D,BoS Medium R&D,9,LCOE,0.00922130129792395,Δ$/kWh
BoS R&D,BoS Medium R&D,9,Labor,-353.15673801803564,Δ$/system
BoS R&D,BoS Medium R&D,10,GHG,-0.00015951549755754968,ΔgCO2e/system
BoS R&D,BoS Medium R&D,10,LCOE,0.008529066721748843,Δ$/kWh
BoS R&D,BoS Medium R&D,10,Labor,-339.1004643903432,Δ$/system
BoS R&D,BoS Medium R&D,11,GHG,-0.002252644243725399,ΔgCO2e/system
BoS R&D,BoS Medium R&D,11,LCOE,0.009377863159370739,Δ$/kWh
BoS R&D,BoS Medium R&D,11,Labor,-343.93466411230906,Δ$/system
BoS R&D,BoS Medium R&D,12,GHG,-0.0033387158261319883,ΔgCO2e/system
BoS R&D,BoS Medium R&D,12,LCOE,0.008945675770817799,Δ$/kWh
BoS R&D,BoS Medium R&D,12,Labor,-336.8674195719225,Δ$/system
BoS R&D,BoS Medium R&D,13,GHG,-0.005769990366800926,ΔgCO2e/system
BoS R&D,BoS Medium R&D,13,LCOE,0.009244217188485074,Δ$/kWh
BoS R&D,BoS Medium R&D,13,Labor,-346.57914332421774,Δ$/system
BoS R&D,BoS Medium R&D,14,GHG,-0.003351217540355833,ΔgCO2e/system
BoS R&D,BoS Medium R&D,14,LCOE,0.008258717337675095,Δ$/kWh
BoS R&D,BoS Medium R&D,14,Labor,-342.25277185111554,Δ$/system
BoS R&D,BoS Medium R&D,15,GHG,-0.006730702332319538,ΔgCO2e/system
BoS R&D,BoS Medium R&D,15,LCOE,0.00885642126898152,Δ$/kWh
BoS R&D,BoS Medium R&D,15,Labor,-340.2328118438652,Δ$/system
BoS R&D,BoS Medium R&D,16,GHG,-0.00546105771896066,ΔgCO2e/system
BoS R&D,BoS Medium R&D,16,LCOE,0.008532743306996368,Δ$/kWh
BoS R&D,BoS Medium R&D,16,Labor,-308.40318077267125,Δ$/system
BoS R&D,BoS Medium R&D,17,GHG,-0.0011104206393497407,ΔgCO2e/system
BoS R&D,BoS Medium R&D,17,LCOE,0.009472770937166364,Δ$/kWh
BoS R&D,BoS Medium R&D,17,Labor,-378.68208364834686,Δ$/system
BoS R&D,BoS Medium R&D,18,GHG,-0.005509335846994645,ΔgCO2e/system
BoS R&D,BoS Medium R&D,18,LCOE,0.0087691921381364,Δ$/kWh
BoS R&D,BoS Medium R&D,18,Labor,-332.8725612898743,Δ$/system
BoS R&D,BoS Medium R&D,19,GHG,-0.006951459693041784,ΔgCO2e/system
BoS R&D,BoS Medium R&D,19,LCOE,0.009219496175234487,Δ$/kWh
BoS R&D,BoS Medium R&D,19,Labor,-387.6952405161496,Δ$/system
BoS R&D,BoS Medium R&D,20,GHG,-0.006176516817632205,ΔgCO2e/system
BoS R&D,BoS Medium R&D,20,LCOE,0.008579166246380776,Δ$/kWh
BoS R&D,BoS Medium R&D,20,Labor,-312.2535940134421,Δ$/system
BoS R&D,BoS Medium R&D,21,GHG,0.003632491187417486,ΔgCO2e/system
BoS R&D,BoS Medium R&D,21,LCOE,0.009325723401103242,Δ$/kWh
BoS R&D,BoS Medium R&D,21,Labor,-351.9856016335566,Δ$/system
BoS R&D,BoS Medium R&D,22,GHG,-0.007119857352705594,ΔgCO2e/system
BoS R&D,BoS Medium R&D,22,LCOE,0.008735430135478728,Δ$/kWh
BoS R&D,BoS Medium R&D,22,Labor,-350.205242007004,Δ$/system
BoS R&D,BoS Medium R&D,23,GHG,-0.0029683964086473225,ΔgCO2e/system
BoS R&D,BoS Medium R&D,23,LCOE,0.008804944475668014,Δ$/kWh
BoS R&D,BoS Medium R&D,23,Labor,-346.5745294004621,Δ$/system
BoS R&D,BoS Medium R&D,24,GHG,-0.004337994829128888,ΔgCO2e/system
BoS R&D,BoS Medium R&D,24,LCOE,0.009061355234790527,Δ$/kWh
BoS R&D,BoS Medium R&D,24,Labor,-351.0065382104731,Δ$/system
BoS R&D,BoS Medium R&D,25,GHG,0.0015670893624815108,ΔgCO2e/system
BoS R&D,BoS Medium R&D,25,LCOE,0.008615319145046693,Δ$/kWh
BoS R&D,BoS Medium R&D,25,Labor,-320.06753130533957,Δ$/system
BoS R&D,BoS Medium R&D,26,GHG,0.0020568996098546677,ΔgCO2e/system
BoS R&D,BoS Medium R&D,26,LCOE,0.00915668268406461,Δ$/kWh
BoS R&D,BoS Medium R&D,26,Labor,-322.5887726960566,Δ$/system
BoS R&D,BoS Medium R&D,27,GHG,-0.0020643565841282907,ΔgCO2e/system
BoS R&D,BoS Medium R&D,27,LCOE,0.009305081589376887,Δ$/kWh
BoS R&D,BoS Medium R&D,27,Labor,-345.50155524930096,Δ$/system
BoS R&D,BoS Medium R&D,28,GHG,-0.0028027905849370427,ΔgCO2e/system
BoS R&D,BoS Medium R&D,28,LCOE,0.008723030007103061,Δ$/kWh
BoS R&D,BoS Medium R&D,28,Labor,-333.52452591430665,Δ$/system
BoS R&D,BoS Medium R&D,29,GHG,-0.002746768971093161,ΔgCO2e/system
BoS R&D,BoS Medium R&D,29,LCOE,0.008750171112431107,Δ$/kWh
BoS R&D,BoS Medium R&D,29,Labor,-347.8880605208974,Δ$/system
BoS R&D,BoS Medium R&D,30,GHG,-0.0007174948614476762,ΔgCO2e/system
BoS R&D,BoS Medium R&D,30,LCOE,0.008807526681376618,Δ$/kWh
BoS R&D,BoS Medium R&D,30,Labor,-333.1279670656306,Δ$/system
BoS R&D,BoS Medium R&D,31,GHG,-0.006055465272751803,ΔgCO2e/system
BoS R&D,BoS Medium R&D,31,LCOE,0.008837808368767838,Δ$/kWh
BoS R&D,BoS Medium R&D,31,Labor,-325.6376739656321,Δ$/system
BoS R&D,BoS Medium R&D,32,GHG,-0.001718571048826334,ΔgCO2e/system
BoS R&D,BoS Medium R&D,32,LCOE,0.009074894264103836,Δ$/kWh
BoS R&D,BoS Medium R&D,32,Labor,-332.9192848718303,Δ$/system
BoS R&D,BoS Medium R&D,33,GHG,-0.008716658956160472,ΔgCO2e/system
BoS R&D,BoS Medium R&D,33,LCOE,0.009713715290960712,Δ$/kWh
BoS R&D,BoS Medium R&D,33,Labor,-381.9260127716059,Δ$/system
BoS R&D,BoS Medium R&D,34,GHG,-0.004935787754519083,ΔgCO2e/system
BoS R&D,BoS Medium R&D,34,LCOE,0.00859926598811192,Δ$/kWh
BoS R&D,BoS Medium R&D,34,Labor,-317.9725185681991,Δ$/system
BoS R&D,BoS Medium R&D,35,GHG,0.0012633206600014546,ΔgCO2e/system
BoS R&D,BoS Medium R&D,35,LCOE,0.008951902160976896,Δ$/kWh
BoS R&D,BoS Medium R&D,35,Labor,-389.80361392045097,Δ$/system
BoS R&D,BoS Medium R&D,36,GHG,0.002154341814161853,ΔgCO2e/system
BoS R&D,BoS Medium R&D,36,LCOE,0.009286463050306143,Δ$/kWh
BoS R&D,BoS Medium R&D,36,Labor,-339.9851812163977,Δ$/system
BoS R&D,BoS Medium R&D,37,GHG,-0.003448002764770308,ΔgCO2e/system
BoS R&D,BoS Medium R&D,37,LCOE,0.009090076228380456,Δ$/kWh
BoS R&D,BoS Medium R&D,37,Labor,-378.2902924912664,Δ$/system
BoS R&D,BoS Medium R&D,38,GHG,-0.0027892884794908923,ΔgCO2e/system
BoS R&D,BoS Medium R&D,38,LCOE,0.009012034032009994,Δ$/kWh
BoS R&D,BoS Medium R&D,38,Labor,-384.8765984757838,Δ$/system
BoS R&D,BoS Medium R&D,39,GHG,-0.01165142717296419,ΔgCO2e/system
BoS R&D,BoS Medium R&D,39,LCOE,0.008774382308059575,Δ$/kWh
BoS R&D,BoS Medium R&D,39,Labor,-340.74421686825576,Δ$/system
BoS R&D,BoS Medium R&D,40,GHG,-0.010227242487758303,ΔgCO2e/system
BoS R&D,BoS Medium R&D,40,LCOE,0.009254204436197705,Δ$/kWh
BoS R&D,BoS Medium R&D,40,Labor,-370.52485287674926,Δ$/system
BoS R&D,BoS Medium R&D,41,GHG,-0.009511043559186305,ΔgCO2e/system
BoS R&D,BoS Medium R&D,41,LCOE,0.009176833605073847,Δ$/kWh
BoS R&D,BoS Medium R&D,41,Labor,-349.1219272393787,Δ$/system
BoS R&D,BoS Medium R&D,42,GHG,-0.003064816500256029,ΔgCO2e/system
BoS R&D,BoS Medium R&D,42,LCOE,0.009474831861411986,Δ$/kWh
BoS R&D,BoS Medium R&D,42,Labor,-363.12622811436995,Δ$/system
BoS R&D,BoS Medium R&D,43,GHG,-0.008034151992816874,ΔgCO2e/system
BoS R&D,BoS Medium R&D,43,LCOE,0.008855436915265039,Δ$/kWh
BoS R&D,BoS Medium R&D,43,Labor,-351.0937353979855,Δ$/system
BoS R&D,BoS Medium R&D,44,GHG,-0.003682627899365798,ΔgCO2e/system
BoS R&D,BoS Medium R&D,44,LCOE,0.008780822003166877,Δ$/kWh
BoS R&D,BoS Medium R&D,44,Labor,-334.47657009506247,Δ$/system
BoS R&D,BoS Medium R&D,45,GHG,-0.011536693365002293,ΔgCO2e/system
BoS R&D,BoS Medium R&D,45,LCOE,0.00896853691734513,Δ$/kWh
BoS R&D,BoS Medium R&D,45,Labor,-369.0179891656071,Δ$/system
BoS R&D,BoS Medium R&D,46,GHG,0.005334943324911023,ΔgCO2e/system
BoS R&D,BoS Medium R&D,46,LCOE,0.00924875284706568,Δ$/kWh
BoS R&D,BoS Medium R&D,46,Labor,-338.4172177380326,Δ$/system
BoS R&D,BoS Medium R&D,47,GHG,-0.0017468017464921104,ΔgCO2e/system
BoS R&D,BoS Medium R&D,47,LCOE,0.009043986220587732,Δ$/kWh
BoS R&D,BoS Medium R&D,47,Labor,-337.72977438242697,Δ$/system
BoS R&D,BoS Medium R&D,48,GHG,0.003958208134562824,ΔgCO2e/system
BoS R&D,BoS Medium R&D,48,LCOE,0.008910444340653814,Δ$/kWh
BoS R&D,BoS Medium R&D,48,Labor,-344.6204329338434,Δ$/system
BoS R&D,BoS Medium R&D,49,GHG,-0.004044043762206684,ΔgCO2e/system
BoS R&D,BoS Medium R&D,49,LCOE,0.009051292848809955,Δ$/kWh
BoS R&D,BoS Medium R&D,49,Labor,-337.99511675504664,Δ$/system
BoS R&D,BoS Medium R&D,50,GHG,0.0012924012128934237,ΔgCO2e/system
BoS R&D,BoS Medium R&D,50,LCOE,0.008576357342461649,Δ$/kWh
BoS R&D,BoS Medium R&D,50,Labor,-332.8412337356417,Δ$/system
BoS R&D,BoS Low R&D,1,GHG,0.001227002337174099,ΔgCO2e/system
BoS R&D,BoS Low R&D,1,LCOE,0.0027662305729679593,Δ$/kWh
BoS R&D,BoS Low R&D,1,Labor,-148.46000025028798,Δ$/system
BoS R&D,BoS Low R&D,2,GHG,-0.0017903781436672261,ΔgCO2e/system
BoS R&D,BoS Low R&D,2,LCOE,0.002892484056329067,Δ$/kWh
BoS R&D,BoS Low R&D,2,Labor,-170.05625003198725,Δ$/system
BoS R&D,BoS Low R&D,3,GHG,-0.001402925186965831,ΔgCO2e/system
BoS R&D,BoS Low R&D,3,LCOE,0.0024343762989388895,Δ$/kWh
BoS R&D,BoS Low R&D,3,Labor,-126.64245296120475,Δ$/system
BoS R&D,BoS Low R&D,4,GHG,-0.008461535460668301,ΔgCO2e/system
BoS R&D,BoS Low R&D,4,LCOE,0.002512233278464518,Δ$/kWh
BoS R&D,BoS Low R&D,4,Labor,-128.03892164841545,Δ$/system
BoS R&D,BoS Low R&D,5,GHG,-0.008331570505802688,ΔgCO2e/system
BoS R&D,BoS Low R&D,5,LCOE,0.002913920790544977,Δ$/kWh
BoS R&D,BoS Low R&D,5,Labor,-140.171509613818,Δ$/system
BoS R&D,BoS Low R&D,6,GHG,-0.0016228423134521108,ΔgCO2e/system
BoS R&D,BoS Low R&D,6,LCOE,0.002575696172580008,Δ$/kWh
BoS R&D,BoS Low R&D,6,Labor,-155.03900787318685,Δ$/system
BoS R&D,BoS Low R&D,7,GHG,-0.00950782815742457,ΔgCO2e/system
BoS R&D,BoS Low R&D,7,LCOE,0.0029029085724958242,Δ$/kWh
BoS R&D,BoS Low R&D,7,Labor,-160.02062482325323,Δ$/system
BoS R&D,BoS Low R&D,8,GHG,0.0014559533683211612,ΔgCO2e/system
BoS R&D,BoS Low R&D,8,LCOE,0.0029785385756536803,Δ$/kWh
BoS R&D,BoS Low R&D,8,Labor,-172.60069075946922,Δ$/system
BoS R&D,BoS Low R&D,9,GHG,-0.007474993301926247,ΔgCO2e/system
BoS R&D,BoS Low R&D,9,LCOE,0.002556711724473512,Δ$/kWh
BoS R&D,BoS Low R&D,9,Labor,-141.23495625292048,Δ$/system
BoS R&D,BoS Low R&D,10,GHG,-0.004838613668795233,ΔgCO2e/system
BoS R&D,BoS Low R&D,10,LCOE,0.0024935853649470374,Δ$/kWh
BoS R&D,BoS Low R&D,10,Labor,-126.53122177406726,Δ$/system
BoS R&D,BoS Low R&D,11,GHG,-0.001895803351487757,ΔgCO2e/system
BoS R&D,BoS Low R&D,11,LCOE,0.0028059938845116233,Δ$/kWh
BoS R&D,BoS Low R&D,11,Labor,-137.17868075923457,Δ$/system
BoS R&D,BoS Low R&D,12,GHG,0.0003220304176920763,ΔgCO2e/system
BoS R&D,BoS Low R&D,12,LCOE,0.002409607726929705,Δ$/kWh
BoS R&D,BoS Low R&D,12,Labor,-119.78701478245785,Δ$/system
BoS R&D,BoS Low R&D,13,GHG,-0.0013011937216163005,ΔgCO2e/system
BoS R&D,BoS Low R&D,13,LCOE,0.002796963623371701,Δ$/kWh
BoS R&D,BoS Low R&D,13,Labor,-141.0889345521457,Δ$/system
BoS R&D,BoS Low R&D,14,GHG,-0.00853373022621895,ΔgCO2e/system
BoS R&D,BoS Low R&D,14,LCOE,0.0028163006692141224,Δ$/kWh
BoS R&D,BoS Low R&D,14,Labor,-140.05234829448705,Δ$/system
BoS R&D,BoS Low R&D,15,GHG,-0.005019803810085932,ΔgCO2e/system
BoS R&D,BoS Low R&D,15,LCOE,0.0027684145408110317,Δ$/kWh
BoS R&D,BoS Low R&D,15,Labor,-124.28016118256073,Δ$/system
BoS R&D,BoS Low R&D,16,GHG,-0.009808775686622084,ΔgCO2e/system
BoS R&D,BoS Low R&D,16,LCOE,0.002582896793649647,Δ$/kWh
BoS R&D,BoS Low R&D,16,Labor,-134.30201717945647,Δ$/system
BoS R&D,BoS Low R&D,17,GHG,-0.01119706676384169,ΔgCO2e/system
BoS R&D,BoS Low R&D,17,LCOE,0.0029280355610078607,Δ$/kWh
BoS R&D,BoS Low R&D,17,Labor,-184.3802296770184,Δ$/system
BoS R&D,BoS Low R&D,18,GHG,-0.006056097437081576,ΔgCO2e/system
BoS R&D,BoS Low R&D,18,LCOE,0.002550978690492464,Δ$/kWh
BoS R&D,BoS Low R&D,18,Labor,-122.04716790294219,Δ$/system
BoS R&D,BoS Low R&D,19,GHG,-0.009290006284459196,ΔgCO2e/system
BoS R&D,BoS Low R&D,19,LCOE,0.003339568284898578,Δ$/kWh
BoS R&D,BoS Low R&D,19,Labor,-187.09718553420203,Δ$/system
BoS R&D,BoS Low R&D,20,GHG,-0.008230190923029568,ΔgCO2e/system
BoS R&D,BoS Low R&D,20,LCOE,0.0029978313939360707,Δ$/kWh
BoS R&D,BoS Low R&D,20,Labor,-150.72701590559313,Δ$/system
BoS R&D,BoS Low R&D,21,GHG,-0.007478122083099947,ΔgCO2e/system
BoS R&D,BoS Low R&D,21,LCOE,0.002877729738439999,Δ$/kWh
BoS R&D,BoS Low R&D,21,Labor,-172.49790258328835,Δ$/system
BoS R&D,BoS Low R&D,22,GHG,0.00014113241714142077,ΔgCO2e/system
BoS R&D,BoS Low R&D,22,LCOE,0.0023936692941773086,Δ$/kWh
BoS R&D,BoS Low R&D,22,Labor,-108.59499983908768,Δ$/system
BoS R&D,BoS Low R&D,23,GHG,0.0013825907357585265,ΔgCO2e/system
BoS R&D,BoS Low R&D,23,LCOE,0.0028310365597652293,Δ$/kWh
BoS R&D,BoS Low R&D,23,Labor,-134.94545121695592,Δ$/system
BoS R&D,BoS Low R&D,24,GHG,-0.0030033680206003055,ΔgCO2e/system
BoS R&D,BoS Low R&D,24,LCOE,0.0026786479353623216,Δ$/kWh
BoS R&D,BoS Low R&D,24,Labor,-141.44748952410077,Δ$/system
BoS R&D,BoS Low R&D,25,GHG,-0.0009786184283342436,ΔgCO2e/system
BoS R&D,BoS Low R&D,25,LCOE,0.0027186830274656126,Δ$/kWh
BoS R&D,BoS Low R&D,25,Labor,-147.45344558544525,Δ$/system
BoS R&D,BoS Low R&D,26,GHG,-0.0051222090094000805,ΔgCO2e/system
BoS R&D,BoS Low R&D,26,LCOE,0.002464415351844468,Δ$/kWh
BoS R&D,BoS Low R&D,26,Labor,-115.22192508645185,Δ$/system
BoS R&D,BoS Low R&D,27,GHG,0.0029919382699432617,ΔgCO2e/system
BoS R&D,BoS Low R&D,27,LCOE,0.0028639953961975967,Δ$/kWh
BoS R&D,BoS Low R&D,27,Labor,-150.88998587774404,Δ$/system
BoS R&D,BoS Low R&D,28,GHG,-0.007146020198860015,ΔgCO2e/system
BoS R&D,BoS Low R&D,28,LCOE,0.002693334336809461,Δ$/kWh
BoS R&D,BoS Low R&D,28,Labor,-152.34467516025825,Δ$/system
BoS R&D,BoS Low R&D,29,GHG,8.194124617943999e-06,ΔgCO2e/system
BoS R&D,BoS Low R&D,29,LCOE,0.002988883961781416,Δ$/kWh
BoS R&D,BoS Low R&D,29,Labor,-163.68920995267308,Δ$/system
BoS R&D,BoS Low R&D,30,GHG,-0.00944596769591044,ΔgCO2e/system
BoS R&D,BoS Low R&D,30,LCOE,0.0026468057193767686,Δ$/kWh
BoS R&D,BoS Low R&D,30,Labor,-149.67015206753535,Δ$/system
BoS R&D,BoS Low R&D,31,GHG,-0.0021041506547447852,ΔgCO2e/system
BoS R&D,BoS Low R&D,31,LCOE,0.002632278270557911,Δ$/kWh
BoS R&D,BoS Low R&D,31,Labor,-144.83313497084237,Δ$/system
BoS R&D,BoS Low R&D,32,GHG,-0.0012985071462736641,ΔgCO2e/system
BoS R&D,BoS Low R&D,32,LCOE,0.0025730346954731254,Δ$/kWh
BoS R&D,BoS Low R&D,32,Labor,-143.40038503133997,Δ$/system
BoS R&D,BoS Low R&D,33,GHG,-0.0032637863173192727,ΔgCO2e/system
BoS R&D,BoS Low R&D,33,LCOE,0.002403380655755183,Δ$/kWh
BoS R&D,BoS Low R&D,33,Labor,-139.96897189900187,Δ$/system
BoS R&D,BoS Low R&D,34,GHG,-0.004421013940969942,ΔgCO2e/system
BoS R&D,BoS Low R&D,34,LCOE,0.0031464660924555438,Δ$/kWh
BoS R&D,BoS Low R&D,34,Labor,-189.90580479790628,Δ$/system
BoS R&D,BoS Low R&D,35,GHG,-0.006336833836641631,ΔgCO2e/system
BoS R&D,BoS Low R&D,35,LCOE,0.002799255876586179,Δ$/kWh
BoS R&D,BoS Low R&D,35,Labor,-176.7223262023897,Δ$/system
BoS R&D,BoS Low R&D,36,GHG,-0.0006905992118930726,ΔgCO2e/system
BoS R&D,BoS Low R&D,36,LCOE,0.0024974901327819016,Δ$/kWh
BoS R&D,BoS Low R&D,36,Labor,-150.62260313653314,Δ$/system
BoS R&D,BoS Low R&D,37,GHG,-7.440318945839408e-05,ΔgCO2e/system
BoS R&D,BoS Low R&D,37,LCOE,0.00279186873256404,Δ$/kWh
BoS R&D,BoS Low R&D,37,Labor,-157.77994507592325,Δ$/system
BoS R&D,BoS Low R&D,38,GHG,-0.00516193060487069,ΔgCO2e/system
BoS R&D,BoS Low R&D,38,LCOE,0.0024316588712218062,Δ$/kWh
BoS R&D,BoS Low R&D,38,Labor,-121.1894686129906,Δ$/system
BoS R&D,BoS Low R&D,39,GHG,-0.0007251522945637134,ΔgCO2e/system
BoS R&D,BoS Low R&D,39,LCOE,0.002406273054528646,Δ$/kWh
BoS R&D,BoS Low R&D,39,Labor,-137.20586981421388,Δ$/system
BoS R&D,BoS Low R&D,40,GHG,0.001281148300151358,ΔgCO2e/system
BoS R&D,BoS Low R&D,40,LCOE,0.0028619313585729195,Δ$/kWh
BoS R&D,BoS Low R&D,40,Labor,-153.92694247950544,Δ$/system
BoS R&D,BoS Low R&D,41,GHG,-0.004541390775941068,ΔgCO2e/system
BoS R&D,BoS Low R&D,41,LCOE,0.002733253882519243,Δ$/kWh
BoS R&D,BoS Low R&D,41,Labor,-163.82297749024906,Δ$/system
BoS R&D,BoS Low R&D,42,GHG,0.004810860156354124,ΔgCO2e/system
BoS R&D,BoS Low R&D,42,LCOE,0.0024485617867527204,Δ$/kWh
BoS R&D,BoS Low R&D,42,Labor,-117.557260006658,Δ$/system
BoS R&D,BoS Low R&D,43,GHG,-0.00033670083685422014,ΔgCO2e/system
BoS R&D,BoS Low R&D,43,LCOE,0.0027712082626738244,Δ$/kWh
BoS R&D,BoS Low R&D,43,Labor,-149.34869945675496,Δ$/system
BoS R&D,BoS Low R&D,44,GHG,8.862344456872506e-05,ΔgCO2e/system
BoS R&D,BoS Low R&D,44,LCOE,0.002722639709815608,Δ$/kWh
BoS R&D,BoS Low R&D,44,Labor,-157.10560447571356,Δ$/system
BoS R&D,BoS Low R&D,45,GHG,-0.008654835629343438,ΔgCO2e/system
BoS R&D,BoS Low R&D,45,LCOE,0.0029981895979752232,Δ$/kWh
BoS R&D,BoS Low R&D,45,Labor,-145.19238408081765,Δ$/system
BoS R&D,BoS Low R&D,46,GHG,-0.007302089018693891,ΔgCO2e/system
BoS R&D,BoS Low R&D,46,LCOE,0.0029858630666421276,Δ$/kWh
BoS R&D,BoS Low R&D,46,Labor,-176.4093854791115,Δ$/system
BoS R&D,BoS Low R&D,47,GHG,-0.006875758282447464,ΔgCO2e/system
BoS R&D,BoS Low R&D,47,LCOE,0.002612745154389029,Δ$/kWh
BoS R&D,BoS Low R&D,47,Labor,-146.4171809787333,Δ$/system
BoS R&D,BoS Low R&D,48,GHG,-0.009223613743415626,ΔgCO2e/system
BoS R&D,BoS Low R&D,48,LCOE,0.002484668591734421,Δ$/kWh
BoS R&D,BoS Low R&D,48,Labor,-135.15118967189687,Δ$/system
BoS R&D,BoS Low R&D,49,GHG,-0.004062216287451292,ΔgCO2e/system
BoS R&D,BoS Low R&D,49,LCOE,0.0028289966794360077,Δ$/kWh
BoS R&D,BoS Low R&D,49,Labor,-165.82914891442306,Δ$/system
BoS R&D,BoS Low R&D,50,GHG,0.0013854003258302328,ΔgCO2e/system
BoS R&D,BoS Low R&D,50,LCOE,0.0032224684489024907,Δ$/kWh
BoS R&D,BoS Low R&D,50,Labor,-184.3505312601369,Δ$/system
Inverter R&D,Inverter High R&D,1,GHG,2.362534897320117,ΔgCO2e/system
Inverter R&D,Inverter High R&D,1,LCOE,0.011529848606206886,Δ$/kWh
Inverter R&D,Inverter High R&D,1,Labor,-0.05691731928277477,Δ$/system
Inverter R&D,Inverter High R&D,2,GHG,2.2500012380292276,ΔgCO2e/system
Inverter R&D,Inverter High R&D,2,LCOE,0.011064343162183257,Δ$/kWh
Inverter R&D,Inverter High R&D,2,Labor,0.04870119117958893,Δ$/system
Inverter R&D,Inverter High R&D,3,GHG,2.6279019349087775,ΔgCO2e/system
Inverter R&D,Inverter High R&D,3,LCOE,0.012831656435068742,Δ$/kWh
Inverter R&D,Inverter High R&D,3,Labor,0.06014786742571232,Δ$/system
Inverter R&D,Inverter High R&D,4,GHG,2.568052697043356,ΔgCO2e/system
Inverter R&D,Inverter High R&D,4,LCOE,0.011716066248290719,Δ$/kWh
Inverter R&D,Inverter High R&D,4,Labor,0.009310196224078027,Δ$/system
Inverter R&D,Inverter High R&D,5,GHG,2.3208769665726976,ΔgCO2e/system
Inverter R&D,Inverter High R&D,5,LCOE,0.011279241247841965,Δ$/kWh
Inverter R&D,Inverter High R&D,5,Labor,0.04761675335043947,Δ$/system
Inverter R&D,Inverter High R&D,6,GHG,2.4637670791309176,ΔgCO2e/system
Inverter R&D,Inverter High R&D,6,LCOE,0.01109497601077361,Δ$/kWh
Inverter R&D,Inverter High R&D,6,Labor,0.08506367811583004,Δ$/system
Inverter R&D,Inverter High R&D,7,GHG,2.1301424502136257,ΔgCO2e/system
Inverter R&D,Inverter High R&D,7,LCOE,0.011301200728255884,Δ$/kWh
Inverter R&D,Inverter High R&D,7,Labor,0.013545263648893524,Δ$/system
Inverter R&D,Inverter High R&D,8,GHG,2.352879306515959,ΔgCO2e/system
Inverter R&D,Inverter High R&D,8,LCOE,0.011855606056309087,Δ$/kWh
Inverter R&D,Inverter High R&D,8,Labor,0.023833470582985683,Δ$/system
Inverter R&D,Inverter High R&D,9,GHG,1.9539392401613895,ΔgCO2e/system
Inverter R&D,Inverter High R&D,9,LCOE,0.011382128094805613,Δ$/kWh
Inverter R&D,Inverter High R&D,9,Labor,0.09619086355360196,Δ$/system
Inverter R&D,Inverter High R&D,10,GHG,2.3037402335203154,ΔgCO2e/system
Inverter R&D,Inverter High R&D,10,LCOE,0.011607850837075911,Δ$/kWh
Inverter R&D,Inverter High R&D,10,Labor,-0.017071055884116504,Δ$/system
Inverter R&D,Inverter High R&D,11,GHG,2.185765953653231,ΔgCO2e/system
Inverter R&D,Inverter High R&D,11,LCOE,0.011083540185781143,Δ$/kWh
Inverter R&D,Inverter High R&D,11,Labor,0.0731039000322653,Δ$/system
Inverter R&D,Inverter High R&D,12,GHG,2.0832936771253827,ΔgCO2e/system
Inverter R&D,Inverter High R&D,12,LCOE,0.011646695036954008,Δ$/kWh
Inverter R&D,Inverter High R&D,12,Labor,0.06305110212883847,Δ$/system
Inverter R&D,Inverter High R&D,13,GHG,2.2726573151253717,ΔgCO2e/system
Inverter R&D,Inverter High R&D,13,LCOE,0.011465018943762062,Δ$/kWh
Inverter R&D,Inverter High R&D,13,Labor,0.03898413712454385,Δ$/system
Inverter R&D,Inverter High R&D,14,GHG,2.1824351798516375,ΔgCO2e/system
Inverter R&D,Inverter High R&D,14,LCOE,0.011738234375790593,Δ$/kWh
Inverter R&D,Inverter High R&D,14,Labor,-0.038747422074038695,Δ$/system
Inverter R&D,Inverter High R&D,15,GHG,2.3209512961683743,ΔgCO2e/system
Inverter R&D,Inverter High R&D,15,LCOE,0.011596350571674713,Δ$/kWh
Inverter R&D,Inverter High R&D,15,Labor,-0.017027560729275137,Δ$/system
Inverter R&D,Inverter High R&D,16,GHG,2.244828972384312,ΔgCO2e/system
Inverter R&D,Inverter High R&D,16,LCOE,0.010944777004835149,Δ$/kWh
Inverter R&D,Inverter High R&D,16,Labor,0.08083198202029962,Δ$/system
Inverter R&D,Inverter High R&D,17,GHG,2.4003367131840747,ΔgCO2e/system
Inverter R&D,Inverter High R&D,17,LCOE,0.011860620583282425,Δ$/kWh
Inverter R&D,Inverter High R&D,17,Labor,0.061729359345235935,Δ$/system
Inverter R&D,Inverter High R&D,18,GHG,2.5707585196830536,ΔgCO2e/system
Inverter R&D,Inverter High R&D,18,LCOE,0.0114062436567888,Δ$/kWh
Inverter R&D,Inverter High R&D,18,Labor,-0.012489795431292805,Δ$/system
Inverter R&D,Inverter High R&D,19,GHG,2.270268309674819,ΔgCO2e/system
Inverter R&D,Inverter High R&D,19,LCOE,0.011010640568019633,Δ$/kWh
Inverter R&D,Inverter High R&D,19,Labor,-0.0006355902614814113,Δ$/system
Inverter R&D,Inverter High R&D,20,GHG,2.297040371039941,ΔgCO2e/system
Inverter R&D,Inverter High R&D,20,LCOE,0.011224181782166026,Δ$/kWh
Inverter R&D,Inverter High R&D,20,Labor,-0.05348268485090557,Δ$/system
Inverter R&D,Inverter High R&D,21,GHG,2.0267487235547463,ΔgCO2e/system
Inverter R&D,Inverter High R&D,21,LCOE,0.011740012745510384,Δ$/kWh
Inverter R&D,Inverter High R&D,21,Labor,0.07430958841473512,Δ$/system
Inverter R&D,Inverter High R&D,22,GHG,2.4862398366031186,ΔgCO2e/system
Inverter R&D,Inverter High R&D,22,LCOE,0.011758585275612896,Δ$/kWh
Inverter R&D,Inverter High R&D,22,Labor,-0.04273847926947383,Δ$/system
Inverter R&D,Inverter High R&D,23,GHG,2.10102497647172,ΔgCO2e/system
Inverter R&D,Inverter High R&D,23,LCOE,0.01130491722300371,Δ$/kWh
Inverter R&D,Inverter High R&D,23,Labor,0.04763503857043361,Δ$/system
Inverter R&D,Inverter High R&D,24,GHG,1.9711423055108241,ΔgCO2e/system
Inverter R&D,Inverter High R&D,24,LCOE,0.011216099470919158,Δ$/kWh
Inverter R&D,Inverter High R&D,24,Labor,0.02526568842904453,Δ$/system
Inverter R&D,Inverter High R&D,25,GHG,1.972684729137228,ΔgCO2e/system
Inverter R&D,Inverter High R&D,25,LCOE,0.010953946677748141,Δ$/kWh
Inverter R&D,Inverter High R&D,25,Labor,-0.010050979222796741,Δ$/system
Inverter R&D,Inverter High R&D,26,GHG,2.2856016158622907,ΔgCO2e/system
Inverter R&D,Inverter High R&D,26,LCOE,0.01059132337803878,Δ$/kWh
Inverter R&D,Inverter High R&D,26,Labor,0.0008290877242416173,Δ$/system
Inverter R&D,Inverter High R&D,27,GHG,2.4533337397888886,ΔgCO2e/system
Inverter R&D,Inverter High R&D,27,LCOE,0.011890240677237374,Δ$/kWh
Inverter R&D,Inverter High R&D,27,Labor,-0.030274163735157344,Δ$/system
Inverter R&D,Inverter High R&D,28,GHG,2.3434401666124387,ΔgCO2e/system
Inverter R&D,Inverter High R&D,28,LCOE,0.011224106789336122,Δ$/kWh
Inverter R&D,Inverter High R&D,28,Labor,0.0013980585656554467,Δ$/system
Inverter R&D,Inverter High R&D,29,GHG,2.1919891021696714,ΔgCO2e/system
Inverter R&D,Inverter High R&D,29,LCOE,0.010943941399274015,Δ$/kWh
Inverter R&D,Inverter High R&D,29,Labor,0.01037498885716559,Δ$/system
Inverter R&D,Inverter High R&D,30,GHG,2.153994206857405,ΔgCO2e/system
Inverter R&D,Inverter High R&D,30,LCOE,0.010986542507560024,Δ$/kWh
Inverter R&D,Inverter High R&D,30,Labor,0.027121421029505655,Δ$/system
Inverter R&D,Inverter High R&D,31,GHG,2.250112589399933,ΔgCO2e/system
Inverter R&D,Inverter High R&D,31,LCOE,0.011569608953329993,Δ$/kWh
Inverter R&D,Inverter High R&D,31,Labor,-0.04647391863613848,Δ$/system
Inverter R&D,Inverter High R&D,32,GHG,1.9683851078860357,ΔgCO2e/system
Inverter R&D,Inverter High R&D,32,LCOE,0.012067476229339999,Δ$/kWh
Inverter R&D,Inverter High R&D,32,Labor,0.04202342907115053,Δ$/system
Inverter R&D,Inverter High R&D,33,GHG,2.2110941539297784,ΔgCO2e/system
Inverter R&D,Inverter High R&D,33,LCOE,0.011627002041953521,Δ$/kWh
Inverter R&D,Inverter High R&D,33,Labor,0.07825579352834211,Δ$/system
Inverter R&D,Inverter High R&D,34,GHG,2.1322919038789507,ΔgCO2e/system
Inverter R&D,Inverter High R&D,34,LCOE,0.01152293834749836,Δ$/kWh
Inverter R&D,Inverter High R&D,34,Labor,0.03995128793735603,Δ$/system
Inverter R&D,Inverter High R&D,35,GHG,1.8774590990980045,ΔgCO2e/system
Inverter R&D,Inverter High R&D,35,LCOE,0.010347928293133496,Δ$/kWh
Inverter R&D,Inverter High R&D,35,Labor,-0.013108169848919715,Δ$/system
Inverter R&D,Inverter High R&D,36,GHG,2.2954185757193812,ΔgCO2e/system
Inverter R&D,Inverter High R&D,36,LCOE,0.010892621363179658,Δ$/kWh
Inverter R&D,Inverter High R&D,36,Labor,0.06055336681515655,Δ$/system
Inverter R&D,Inverter High R&D,37,GHG,2.4824527564970396,ΔgCO2e/system
Inverter R&D,Inverter High R&D,37,LCOE,0.011204680503267825,Δ$/kWh
Inverter R&D,Inverter High R&D,37,Labor,0.07115230247768523,Δ$/system
Inverter R&D,Inverter High R&D,38,GHG,2.185049451544444,ΔgCO2e/system
Inverter R&D,Inverter High R&D,38,LCOE,0.010801783049833438,Δ$/kWh
Inverter R&D,Inverter High R&D,38,Labor,-0.055466350972437795,Δ$/system
Inverter R&D,Inverter High R&D,39,GHG,2.0453511666982678,ΔgCO2e/system
Inverter R&D,Inverter High R&D,39,LCOE,0.010969748377552838,Δ$/kWh
Inverter R&D,Inverter High R&D,39,Labor,0.05203810555258315,Δ$/system
Inverter R&D,Inverter High R&D,40,GHG,2.282597490972151,ΔgCO2e/system
Inverter R&D,Inverter High R&D,40,LCOE,0.012000903343853536,Δ$/kWh
Inverter R&D,Inverter High R&D,40,Labor,-0.03485815287422156,Δ$/system
Inverter R&D,Inverter High R&D,41,GHG,2.331853807805487,ΔgCO2e/system
Inverter R&D,Inverter High R&D,41,LCOE,0.011135069341086462,Δ$/kWh
Inverter R&D,Inverter High R&D,41,Labor,0.04123653525471127,Δ$/system
Inverter R&D,Inverter High R&D,42,GHG,2.1133806668849644,ΔgCO2e/system
Inverter R&D,Inverter High R&D,42,LCOE,0.011309479831407426,Δ$/kWh
Inverter R&D,Inverter High R&D,42,Labor,-0.019106203579212888,Δ$/system
Inverter R&D,Inverter High R&D,43,GHG,2.3262193325585514,ΔgCO2e/system
Inverter R&D,Inverter High R&D,43,LCOE,0.011073083617716598,Δ$/kWh
Inverter R&D,Inverter High R&D,43,Labor,0.022380071166935522,Δ$/system
Inverter R&D,Inverter High R&D,44,GHG,2.4059215379630103,ΔgCO2e/system
Inverter R&D,Inverter High R&D,44,LCOE,0.010662509920885563,Δ$/kWh
Inverter R&D,Inverter High R&D,44,Labor,-0.01444877893368357,Δ$/system
Inverter R&D,Inverter High R&D,45,GHG,2.2622939580214307,ΔgCO2e/system
Inverter R&D,Inverter High R&D,45,LCOE,0.01217298191890244,Δ$/kWh
Inverter R&D,Inverter High R&D,45,Labor,0.07769665561613692,Δ$/system
Inverter R&D,Inverter High R&D,46,GHG,2.3109510586881896,ΔgCO2e/system
Inverter R&D,Inverter High R&D,46,LCOE,0.01215954318073205,Δ$/kWh
Inverter R&D,Inverter High R&D,46,Labor,0.09195957933184218,Δ$/system
Inverter R&D,Inverter High R&D,47,GHG,2.075750555274084,ΔgCO2e/system
Inverter R&D,Inverter High R&D,47,LCOE,0.011150580706995844,Δ$/kWh
Inverter R&D,Inverter High R&D,47,Labor,-0.0003498708185816213,Δ$/system
Inverter R&D,Inverter High R&D,48,GHG,2.421297986556283,ΔgCO2e/system
Inverter R&D,Inverter High R&D,48,LCOE,0.012429052125303208,Δ$/kWh
Inverter R&D,Inverter High R&D,48,Labor,0.03758234713995989,Δ$/system
Inverter R&D,Inverter High R&D,49,GHG,2.2051957963458904,ΔgCO2e/system
Inverter R&D,Inverter High R&D,49,LCOE,0.011993291023064998,Δ$/kWh
Inverter R&D,Inverter High R&D,49,Labor,0.03233955124255772,Δ$/system
Inverter R&D,Inverter High R&D,50,GHG,2.5110514538233843,ΔgCO2e/system
Inverter R&D,Inverter High R&D,50,LCOE,0.012338434038565285,Δ$/kWh
Inverter R&D,Inverter High R&D,50,Labor,-0.02951683796868565,Δ$/system
Inverter R&D,Inverter Medium R&D,1,GHG,2.2858935552596193,ΔgCO2e/system
Inverter R&D,Inverter Medium R&D,1,LCOE,0.006734326551433412,Δ$/kWh
Inverter R&D,Inverter Medium R&D,1,Labor,0.03650040777074537,Δ$/system
Inverter R&D,Inverter Medium R&D,2,GHG,2.6484788225651243,ΔgCO2e/system
Inverter R&D,Inverter Medium R&D,2,LCOE,0.007828992803768017,Δ$/kWh
Inverter R&D,Inverter Medium R&D,2,Labor,0.055722848980622075,Δ$/system
Inverter R&D,Inverter Medium R&D,3,GHG,2.2993119563822404,ΔgCO2e/system
Inverter R&D,Inverter Medium R&D,3,LCOE,0.007895372996041428,Δ$/kWh
Inverter R&D,Inverter Medium R&D,3,Labor,0.011795905131521067,Δ$/system
Inverter R&D,Inverter Medium R&D,4,GHG,2.4700973253846996,ΔgCO2e/system
Inverter R&D,Inverter Medium R&D,4,LCOE,0.007535477042753827,Δ$/kWh
Inverter R&D,Inverter Medium R&D,4,Labor,-0.0010639901217928127,Δ$/system
Inverter R&D,Inverter Medium R&D,5,GHG,2.3701655815615226,ΔgCO2e/system
Inverter R&D,Inverter Medium R&D,5,LCOE,0.007839168881199954,Δ$/kWh
Inverter R&D,Inverter Medium R&D,5,Labor,-0.06787512101141147,Δ$/system
Inverter R&D,Inverter Medium R&D,6,GHG,2.2234092844891364,ΔgCO2e/system
Inverter R&D,Inverter Medium R&D,6,LCOE,0.007363283828996925,Δ$/kWh
Inverter R&D,Inverter Medium R&D,6,Labor,-0.004237620081767091,Δ$/system
Inverter R&D,Inverter Medium R&D,7,GHG,2.5353563546022713,ΔgCO2e/system
Inverter R&D,Inverter Medium R&D,7,LCOE,0.007809160857700448,Δ$/kWh
Inverter R&D,Inverter Medium R&D,7,Labor,0.05659101231231034,Δ$/system
Inverter R&D,Inverter Medium R&D,8,GHG,2.246241738588907,ΔgCO2e/system
Inverter R&D,Inverter Medium R&D,8,LCOE,0.00789410636872552,Δ$/kWh
Inverter R&D,Inverter Medium R&D,8,Labor,-0.046551391267257713,Δ$/system
Inverter R&D,Inverter Medium R&D,9,GHG,2.3707143697985344,ΔgCO2e/system
Inverter R&D,Inverter Medium R&D,9,LCOE,0.007659205917920936,Δ$/kWh
Inverter R&D,Inverter Medium R&D,9,Labor,0.10578011117695496,Δ$/system
Inverter R&D,Inverter Medium R&D,10,GHG,2.152158801982864,ΔgCO2e/system
Inverter R&D,Inverter Medium R&D,10,LCOE,0.0066380274232815395,Δ$/kWh
Inverter R&D,Inverter Medium R&D,10,Labor,0.11029770946265671,Δ$/system
Inverter R&D,Inverter Medium R&D,11,GHG,2.2963485389037572,ΔgCO2e/system
Inverter R&D,Inverter Medium R&D,11,LCOE,0.008183100739658056,Δ$/kWh
Inverter R&D,Inverter Medium R&D,11,Labor,0.02673806615439389,Δ$/system
Inverter R&D,Inverter Medium R&D,12,GHG,2.3060443669592274,ΔgCO2e/system
Inverter R&D,Inverter Medium R&D,12,LCOE,0.007662453811236564,Δ$/kWh
Inverter R&D,Inverter Medium R&D,12,Labor,0.0007476084922473092,Δ$/system
Inverter R&D,Inverter Medium R&D,13,GHG,2.2396592072354906,ΔgCO2e/system
Inverter R&D,Inverter Medium R&D,13,LCOE,0.007798281112467054,Δ$/kWh
Inverter R&D,Inverter Medium R&D,13,Labor,0.009803406381024615,Δ$/system
Inverter R&D,Inverter Medium R&D,14,GHG,2.477881140768318,ΔgCO2e/system
Inverter R&D,Inverter Medium R&D,14,LCOE,0.006940663074830308,Δ$/kWh
Inverter R&D,Inverter Medium R&D,14,Labor,0.007043465839842611,Δ$/system
Inverter R&D,Inverter Medium R&D,15,GHG,2.217022976106435,ΔgCO2e/system
Inverter R&D,Inverter Medium R&D,15,LCOE,0.006955804527396636,Δ$/kWh
Inverter R&D,Inverter Medium R&D,15,Labor,0.02157971494125377,Δ$/system
Inverter R&D,Inverter Medium R&D,16,GHG,2.489540437550133,ΔgCO2e/system
Inverter R&D,Inverter Medium R&D,16,LCOE,0.007719281417030849,Δ$/kWh
Inverter R&D,Inverter Medium R&D,16,Labor,-0.026913161043239597,Δ$/system
Inverter R&D,Inverter Medium R&D,17,GHG,2.142235460607111,ΔgCO2e/system
Inverter R&D,Inverter Medium R&D,17,LCOE,0.007187956598421544,Δ$/kWh
Inverter R&D,Inverter Medium R&D,17,Labor,0.020984158280271004,Δ$/system
Inverter R&D,Inverter Medium R&D,18,GHG,1.9856125271338385,ΔgCO2e/system
Inverter R&D,Inverter Medium R&D,18,LCOE,0.006595062817240496,Δ$/kWh
Inverter R&D,Inverter Medium R&D,18,Labor,0.06511435722677561,Δ$/system
Inverter R&D,Inverter Medium R&D,19,GHG,1.8747132536396265,ΔgCO2e/system
Inverter R&D,Inverter Medium R&D,19,LCOE,0.007075043587165417,Δ$/kWh
Inverter R&D,Inverter Medium R&D,19,Labor,0.09139189387178703,Δ$/system
Inverter R&D,Inverter Medium R&D,20,GHG,2.479444862472704,ΔgCO2e/system
Inverter R&D,Inverter Medium R&D,20,LCOE,0.0072542709719079085,Δ$/kWh
Inverter R&D,Inverter Medium R&D,20,Labor,-0.0016021323835957446,Δ$/system
Inverter R&D,Inverter Medium R&D,21,GHG,2.500433993655392,ΔgCO2e/system
Inverter R&D,Inverter Medium R&D,21,LCOE,0.007977950266151543,Δ$/kWh
Inverter R&D,Inverter Medium R&D,21,Labor,0.10149906530705266,Δ$/system
Inverter R&D,Inverter Medium R&D,22,GHG,2.11577824679199,ΔgCO2e/system
Inverter R&D,Inverter Medium R&D,22,LCOE,0.006865864230102242,Δ$/kWh
Inverter R&D,Inverter Medium R&D,22,Labor,0.07294421562096431,Δ$/system
Inverter R&D,Inverter Medium R&D,23,GHG,2.582101416698805,ΔgCO2e/system
Inverter R&D,Inverter Medium R&D,23,LCOE,0.007981742193686359,Δ$/kWh
Inverter R&D,Inverter Medium R&D,23,Labor,-0.006892580675639692,Δ$/system
Inverter R&D,Inverter Medium R&D,24,GHG,2.1231855494963554,ΔgCO2e/system
Inverter R&D,Inverter Medium R&D,24,LCOE,0.007545678620788379,Δ$/kWh
Inverter R&D,Inverter Medium R&D,24,Labor,0.022882239042473884,Δ$/system
Inverter R&D,Inverter Medium R&D,25,GHG,2.5174011597094506,ΔgCO2e/system
Inverter R&D,Inverter Medium R&D,25,LCOE,0.007846846113291603,Δ$/kWh
Inverter R&D,Inverter Medium R&D,25,Labor,0.00506199948313224,Δ$/system
Inverter R&D,Inverter Medium R&D,26,GHG,2.302435422250184,ΔgCO2e/system
Inverter R&D,Inverter Medium R&D,26,LCOE,0.00785552860333931,Δ$/kWh
Inverter R&D,Inverter Medium R&D,26,Labor,-0.015241797902035614,Δ$/system
Inverter R&D,Inverter Medium R&D,27,GHG,2.1814847170242473,ΔgCO2e/system
Inverter R&D,Inverter Medium R&D,27,LCOE,0.007686477544471576,Δ$/kWh
Inverter R&D,Inverter Medium R&D,27,Labor,0.005842614187940853,Δ$/system
Inverter R&D,Inverter Medium R&D,28,GHG,2.164719085860341,ΔgCO2e/system
Inverter R&D,Inverter Medium R&D,28,LCOE,0.007199679991399338,Δ$/kWh
Inverter R&D,Inverter Medium R&D,28,Labor,-0.012391090918299597,Δ$/system
Inverter R&D,Inverter Medium R&D,29,GHG,2.096223580496982,ΔgCO2e/system
Inverter R&D,Inverter Medium R&D,29,LCOE,0.0071243826281970485,Δ$/kWh
Inverter R&D,Inverter Medium R&D,29,Labor,0.04516775089678049,Δ$/system
Inverter R&D,Inverter Medium R&D,30,GHG,2.1797805668971932,ΔgCO2e/system
Inverter R&D,Inverter Medium R&D,30,LCOE,0.007026961527582462,Δ$/kWh
Inverter R&D,Inverter Medium R&D,30,Labor,0.0009995664890993794,Δ$/system
Inverter R&D,Inverter Medium R&D,31,GHG,2.481446575036685,ΔgCO2e/system
Inverter R&D,Inverter Medium R&D,31,LCOE,0.00822760539091312,Δ$/kWh
Inverter R&D,Inverter Medium R&D,31,Labor,0.07012994315959986,Δ$/system
Inverter R&D,Inverter Medium R&D,32,GHG,2.3845964116853793,ΔgCO2e/system
Inverter R&D,Inverter Medium R&D,32,LCOE,0.007769274743696417,Δ$/kWh
Inverter R&D,Inverter Medium R&D,32,Labor,0.03029259877189361,Δ$/system
Inverter R&D,Inverter Medium R&D,33,GHG,2.663096593296757,ΔgCO2e/system
Inverter R&D,Inverter Medium R&D,33,LCOE,0.007516863601645482,Δ$/kWh
Inverter R&D,Inverter Medium R&D,33,Labor,0.00047644514847888786,Δ$/system
Inverter R&D,Inverter Medium R&D,34,GHG,2.353757052846447,ΔgCO2e/system
Inverter R&D,Inverter Medium R&D,34,LCOE,0.007638816282548588,Δ$/kWh
Inverter R&D,Inverter Medium R&D,34,Labor,0.007631490995208878,Δ$/system
Inverter R&D,Inverter Medium R&D,35,GHG,2.4243340607785058,ΔgCO2e/system
Inverter R&D,Inverter Medium R&D,35,LCOE,0.0075528491338765075,Δ$/kWh
Inverter R&D,Inverter Medium R&D,35,Labor,0.03635879785292673,Δ$/system
Inverter R&D,Inverter Medium R&D,36,GHG,2.5740240638193086,ΔgCO2e/system
Inverter R&D,Inverter Medium R&D,36,LCOE,0.007468836144980076,Δ$/kWh
Inverter R&D,Inverter Medium R&D,36,Labor,-0.02201682113877723,Δ$/system
Inverter R&D,Inverter Medium R&D,37,GHG,2.4410948993078705,ΔgCO2e/system
Inverter R&D,Inverter Medium R&D,37,LCOE,0.007794868545509134,Δ$/kWh
Inverter R&D,Inverter Medium R&D,37,Labor,0.07596006047856463,Δ$/system
Inverter R&D,Inverter Medium R&D,38,GHG,2.2693636986244314,ΔgCO2e/system
Inverter R&D,Inverter Medium R&D,38,LCOE,0.007365872788533068,Δ$/kWh
Inverter R&D,Inverter Medium R&D,38,Labor,0.00478162349259037,Δ$/system
Inverter R&D,Inverter Medium R&D,39,GHG,2.0123302439918263,ΔgCO2e/system
Inverter R&D,Inverter Medium R&D,39,LCOE,0.007276926431648886,Δ$/kWh
Inverter R&D,Inverter Medium R&D,39,Labor,-0.006901957015088556,Δ$/system
Inverter R&D,Inverter Medium R&D,40,GHG,2.069331595159838,ΔgCO2e/system
Inverter R&D,Inverter Medium R&D,40,LCOE,0.006716999822199546,Δ$/kWh
Inverter R&D,Inverter Medium R&D,40,Labor,-0.016967233409104665,Δ$/system
Inverter R&D,Inverter Medium R&D,41,GHG,2.219648080972334,ΔgCO2e/system
Inverter R&D,Inverter Medium R&D,41,LCOE,0.007692534710747545,Δ$/kWh
Inverter R&D,Inverter Medium R&D,41,Labor,0.01486456136740344,Δ$/system
Inverter R&D,Inverter Medium R&D,42,GHG,2.479234490578534,ΔgCO2e/system
Inverter R&D,Inverter Medium R&D,42,LCOE,0.007367339233625328,Δ$/kWh
Inverter R&D,Inverter Medium R&D,42,Labor,0.04948621873381853,Δ$/system
Inverter R&D,Inverter Medium R&D,43,GHG,1.8565568152523042,ΔgCO2e/system
Inverter R&D,Inverter Medium R&D,43,LCOE,0.006739746432693108,Δ$/kWh
Inverter R&D,Inverter Medium R&D,43,Labor,-0.00853052398838372,Δ$/system
Inverter R&D,Inverter Medium R&D,44,GHG,2.1364174552905126,ΔgCO2e/system
Inverter R&D,Inverter Medium R&D,44,LCOE,0.007499050155076681,Δ$/kWh
Inverter R&D,Inverter Medium R&D,44,Labor,0.03429757463845817,Δ$/system
Inverter R&D,Inverter Medium R&D,45,GHG,2.286671155736144,ΔgCO2e/system
Inverter R&D,Inverter Medium R&D,45,LCOE,0.00715680271883401,Δ$/kWh
Inverter R&D,Inverter Medium R&D,45,Labor,0.027355793770539094,Δ$/system
Inverter R&D,Inverter Medium R&D,46,GHG,2.353541116904637,ΔgCO2e/system
Inverter R&D,Inverter Medium R&D,46,LCOE,0.0077307588291174595,Δ$/kWh
Inverter R&D,Inverter Medium R&D,46,Labor,-0.03349698721353889,Δ$/system
Inverter R&D,Inverter Medium R&D,47,GHG,2.31287432038107,ΔgCO2e/system
Inverter R&D,Inverter Medium R&D,47,LCOE,0.007631172327170102,Δ$/kWh
Inverter R&D,Inverter Medium R&D,47,Labor,-0.00337880483311892,Δ$/system
Inverter R&D,Inverter Medium R&D,48,GHG,2.215478522205416,ΔgCO2e/system
Inverter R&D,Inverter Medium R&D,48,LCOE,0.007443112592011955,Δ$/kWh
Inverter R&D,Inverter Medium R&D,48,Labor,0.024065007775107006,Δ$/system
Inverter R&D,Inverter Medium R&D,49,GHG,2.1278533137732722,ΔgCO2e/system
Inverter R&D,Inverter Medium R&D,49,LCOE,0.007147439621252125,Δ$/kWh
Inverter R&D,Inverter Medium R&D,49,Labor,0.04823471023132697,Δ$/system
Inverter R&D,Inverter Medium R&D,50,GHG,2.304695308854022,ΔgCO2e/system
Inverter R&D,Inverter Medium R&D,50,LCOE,0.00779432867414509,Δ$/kWh
Inverter R&D,Inverter Medium R&D,50,Labor,-0.011566021921908032,Δ$/system
Inverter R&D,Inverter Low R&D,1,GHG,2.1180759947813073,ΔgCO2e/system
Inverter R&D,Inverter Low R&D,1,LCOE,0.004168434828291975,Δ$/kWh
Inverter R&D,Inverter Low R&D,1,Labor,0.0016912929945647193,Δ$/system
Inverter R&D,Inverter Low R&D,2,GHG,2.020916958733949,ΔgCO2e/system
Inverter R&D,Inverter Low R&D,2,LCOE,0.00399248072201204,Δ$/kWh
Inverter R&D,Inverter Low R&D,2,Labor,-0.024931170644322265,Δ$/system
Inverter R&D,Inverter Low R&D,3,GHG,2.255674142034948,ΔgCO2e/system
Inverter R&D,Inverter Low R&D,3,LCOE,0.004193364749128695,Δ$/kWh
Inverter R&D,Inverter Low R&D,3,Labor,0.005103598735331616,Δ$/system
Inverter R&D,Inverter Low R&D,4,GHG,2.47745593486718,ΔgCO2e/system
Inverter R&D,Inverter Low R&D,4,LCOE,0.004718165539206884,Δ$/kWh
Inverter R&D,Inverter Low R&D,4,Labor,0.031288189745055206,Δ$/system
Inverter R&D,Inverter Low R&D,5,GHG,2.146349284998763,ΔgCO2e/system
Inverter R&D,Inverter Low R&D,5,LCOE,0.004193386431146723,Δ$/kWh
Inverter R&D,Inverter Low R&D,5,Labor,0.024056897758327977,Δ$/system
Inverter R&D,Inverter Low R&D,6,GHG,2.26416380191435,ΔgCO2e/system
Inverter R&D,Inverter Low R&D,6,LCOE,0.004317293304482717,Δ$/kWh
Inverter R&D,Inverter Low R&D,6,Labor,0.07215316172937492,Δ$/system
Inverter R&D,Inverter Low R&D,7,GHG,2.492558376280911,ΔgCO2e/system
Inverter R&D,Inverter Low R&D,7,LCOE,0.004657044635430846,Δ$/kWh
Inverter R&D,Inverter Low R&D,7,Labor,-0.010741635348495038,Δ$/system
Inverter R&D,Inverter Low R&D,8,GHG,2.5417900910320412,ΔgCO2e/system
Inverter R&D,Inverter Low R&D,8,LCOE,0.004692402108114224,Δ$/kWh
Inverter R&D,Inverter Low R&D,8,Labor,-0.008229346392454318,Δ$/system
Inverter R&D,Inverter Low R&D,9,GHG,2.632641981686973,ΔgCO2e/system
Inverter R&D,Inverter Low R&D,9,LCOE,0.004839295901379784,Δ$/kWh
Inverter R&D,Inverter Low R&D,9,Labor,-0.011230512021029426,Δ$/system
Inverter R&D,Inverter Low R&D,10,GHG,2.0735407304088653,ΔgCO2e/system
Inverter R&D,Inverter Low R&D,10,LCOE,0.004253132149829558,Δ$/kWh
Inverter R&D,Inverter Low R&D,10,Labor,0.028251045625893312,Δ$/system
Inverter R&D,Inverter Low R&D,11,GHG,2.0610985764895133,ΔgCO2e/system
Inverter R&D,Inverter Low R&D,11,LCOE,0.003972096354749516,Δ$/kWh
Inverter R&D,Inverter Low R&D,11,Labor,-0.017754391994458274,Δ$/system
Inverter R&D,Inverter Low R&D,12,GHG,2.3760988973134545,ΔgCO2e/system
Inverter R&D,Inverter Low R&D,12,LCOE,0.00450385646861394,Δ$/kWh
Inverter R&D,Inverter Low R&D,12,Labor,0.05287718111480899,Δ$/system
Inverter R&D,Inverter Low R&D,13,GHG,2.71697435238859,ΔgCO2e/system
Inverter R&D,Inverter Low R&D,13,LCOE,0.004780723467162282,Δ$/kWh
Inverter R&D,Inverter Low R&D,13,Labor,0.08882203031794234,Δ$/system
Inverter R&D,Inverter Low R&D,14,GHG,1.8556045760454083,ΔgCO2e/system
Inverter R&D,Inverter Low R&D,14,LCOE,0.003853901779363539,Δ$/kWh
Inverter R&D,Inverter Low R&D,14,Labor,-0.03671244356701209,Δ$/system
Inverter R&D,Inverter Low R&D,15,GHG,2.1903208551825344,ΔgCO2e/system
Inverter R&D,Inverter Low R&D,15,LCOE,0.0042080176575240436,Δ$/kWh
Inverter R&D,Inverter Low R&D,15,Labor,0.009233036865907707,Δ$/system
Inverter R&D,Inverter Low R&D,16,GHG,2.6137315558174663,ΔgCO2e/system
Inverter R&D,Inverter Low R&D,16,LCOE,0.004812274563889496,Δ$/kWh
Inverter R&D,Inverter Low R&D,16,Labor,0.012577935419130881,Δ$/system
Inverter R&D,Inverter Low R&D,17,GHG,2.5970555518692606,ΔgCO2e/system
Inverter R&D,Inverter Low R&D,17,LCOE,0.0046477371980549465,Δ$/kWh
Inverter R&D,Inverter Low R&D,17,Labor,0.0325700127368691,Δ$/system
Inverter R&D,Inverter Low R&D,18,GHG,2.3882884436543463,ΔgCO2e/system
Inverter R&D,Inverter Low R&D,18,LCOE,0.004509730872178527,Δ$/kWh
Inverter R&D,Inverter Low R&D,18,Labor,0.01801889303783355,Δ$/system
Inverter R&D,Inverter Low R&D,19,GHG,2.002411389468108,ΔgCO2e/system
Inverter R&D,Inverter Low R&D,19,LCOE,0.004082616179847398,Δ$/kWh
Inverter R&D,Inverter Low R&D,19,Labor,-0.03238579296430544,Δ$/system
Inverter R&D,Inverter Low R&D,20,GHG,2.1827941506223567,ΔgCO2e/system
Inverter R&D,Inverter Low R&D,20,LCOE,0.004385369472267461,Δ$/kWh
Inverter R&D,Inverter Low R&D,20,Labor,0.0674016239561297,Δ$/system
Inverter R&D,Inverter Low R&D,21,GHG,2.5072577682861947,ΔgCO2e/system
Inverter R&D,Inverter Low R&D,21,LCOE,0.004690013208622876,Δ$/kWh
Inverter R&D,Inverter Low R&D,21,Labor,-0.04868917461817546,Δ$/system
Inverter R&D,Inverter Low R&D,22,GHG,2.1586268622724987,ΔgCO2e/system
Inverter R&D,Inverter Low R&D,22,LCOE,0.0041220908980035414,Δ$/kWh
Inverter R&D,Inverter Low R&D,22,Labor,0.03564673758182835,Δ$/system
Inverter R&D,Inverter Low R&D,23,GHG,2.2960103730697483,ΔgCO2e/system
Inverter R&D,Inverter Low R&D,23,LCOE,0.004322741173028416,Δ$/kWh
Inverter R&D,Inverter Low R&D,23,Labor,0.0009173813145935128,Δ$/system
Inverter R&D,Inverter Low R&D,24,GHG,2.537059963547037,ΔgCO2e/system
Inverter R&D,Inverter Low R&D,24,LCOE,0.004654715016547961,Δ$/kWh
Inverter R&D,Inverter Low R&D,24,Labor,-0.04365035126966177,Δ$/system
Inverter R&D,Inverter Low R&D,25,GHG,2.1829755199123184,ΔgCO2e/system
Inverter R&D,Inverter Low R&D,25,LCOE,0.004193156824409516,Δ$/kWh
Inverter R&D,Inverter Low R&D,25,Labor,-0.02720000955582691,Δ$/system
Inverter R&D,Inverter Low R&D,26,GHG,1.9768462114944043,ΔgCO2e/system
Inverter R&D,Inverter Low R&D,26,LCOE,0.0038270706838877955,Δ$/kWh
Inverter R&D,Inverter Low R&D,26,Labor,0.019092834712864715,Δ$/system
Inverter R&D,Inverter Low R&D,27,GHG,1.9432218105803827,ΔgCO2e/system
Inverter R&D,Inverter Low R&D,27,LCOE,0.0039060009165467896,Δ$/kWh
Inverter R&D,Inverter Low R&D,27,Labor,0.02206592693573839,Δ$/system
Inverter R&D,Inverter Low R&D,28,GHG,2.1346443229607956,ΔgCO2e/system
Inverter R&D,Inverter Low R&D,28,LCOE,0.00410778322472137,Δ$/kWh
Inverter R&D,Inverter Low R&D,28,Labor,0.02315355635596461,Δ$/system
Inverter R&D,Inverter Low R&D,29,GHG,2.1966271278049874,ΔgCO2e/system
Inverter R&D,Inverter Low R&D,29,LCOE,0.004292302920925625,Δ$/kWh
Inverter R&D,Inverter Low R&D,29,Labor,0.09420544625004368,Δ$/system
Inverter R&D,Inverter Low R&D,30,GHG,2.1176132710824334,ΔgCO2e/system
Inverter R&D,Inverter Low R&D,30,LCOE,0.004015586291356482,Δ$/kWh
Inverter R&D,Inverter Low R&D,30,Labor,0.025879134597516895,Δ$/system
Inverter R&D,Inverter Low R&D,31,GHG,2.2579876131059677,ΔgCO2e/system
Inverter R&D,Inverter Low R&D,31,LCOE,0.004308353155353897,Δ$/kWh
Inverter R&D,Inverter Low R&D,31,Labor,0.034369759103356046,Δ$/system
Inverter R&D,Inverter Low R&D,32,GHG,2.4446649146063066,ΔgCO2e/system
Inverter R&D,Inverter Low R&D,32,LCOE,0.004679171724497264,Δ$/kWh
Inverter R&D,Inverter Low R&D,32,Labor,0.021876798513631,Δ$/system
Inverter R&D,Inverter Low R&D,33,GHG,2.182549855528407,ΔgCO2e/system
Inverter R&D,Inverter Low R&D,33,LCOE,0.004377405577596846,Δ$/kWh
Inverter R&D,Inverter Low R&D,33,Labor,0.029772244467267228,Δ$/system
Inverter R&D,Inverter Low R&D,34,GHG,2.4597007156123283,ΔgCO2e/system
Inverter R&D,Inverter Low R&D,34,LCOE,0.004413860087043128,Δ$/kWh
Inverter R&D,Inverter Low R&D,34,Labor,0.011150878159696731,Δ$/system
Inverter R&D,Inverter Low R&D,35,GHG,2.6356486003035684,ΔgCO2e/system
Inverter R&D,Inverter Low R&D,35,LCOE,0.004995132789479717,Δ$/kWh
Inverter R&D,Inverter Low R&D,35,Labor,-0.01830845588142438,Δ$/system
Inverter R&D,Inverter Low R&D,36,GHG,2.004513705879475,ΔgCO2e/system
Inverter R&D,Inverter Low R&D,36,LCOE,0.0040948720126728205,Δ$/kWh
Inverter R&D,Inverter Low R&D,36,Labor,0.04591369304694126,Δ$/system
Inverter R&D,Inverter Low R&D,37,GHG,2.4114266526878936,ΔgCO2e/system
Inverter R&D,Inverter Low R&D,37,LCOE,0.004593991479969792,Δ$/kWh
Inverter R&D,Inverter Low R&D,37,Labor,0.005703605827648062,Δ$/system
Inverter R&D,Inverter Low R&D,38,GHG,2.278895876285091,ΔgCO2e/system
Inverter R&D,Inverter Low R&D,38,LCOE,0.004399752869136506,Δ$/kWh
Inverter R&D,Inverter Low R&D,38,Labor,0.06724395901437674,Δ$/system
Inverter R&D,Inverter Low R&D,39,GHG,2.017626020937513,ΔgCO2e/system
Inverter R&D,Inverter Low R&D,39,LCOE,0.0038288492799228163,Δ$/kWh
Inverter R&D,Inverter Low R&D,39,Labor,-0.04410925787715314,Δ$/system
Inverter R&D,Inverter Low R&D,40,GHG,2.4791936869617075,ΔgCO2e/system
Inverter R&D,Inverter Low R&D,40,LCOE,0.0044197180167658,Δ$/kWh
Inverter R&D,Inverter Low R&D,40,Labor,0.06862192776293341,Δ$/system
Inverter R&D,Inverter Low R&D,41,GHG,2.295347099587673,ΔgCO2e/system
Inverter R&D,Inverter Low R&D,41,LCOE,0.0046042100307047,Δ$/kWh
Inverter R&D,Inverter Low R&D,41,Labor,-0.003109899148967088,Δ$/system
Inverter R&D,Inverter Low R&D,42,GHG,2.266032797903364,ΔgCO2e/system
Inverter R&D,Inverter Low R&D,42,LCOE,0.004449995928596628,Δ$/kWh
Inverter R&D,Inverter Low R&D,42,Labor,0.02546480296655318,Δ$/system
Inverter R&D,Inverter Low R&D,43,GHG,2.0599174935525895,ΔgCO2e/system
Inverter R&D,Inverter Low R&D,43,LCOE,0.004169965443679993,Δ$/kWh
Inverter R&D,Inverter Low R&D,43,Labor,0.02509441526194678,Δ$/system
Inverter R&D,Inverter Low R&D,44,GHG,2.3433065134483684,ΔgCO2e/system
Inverter R&D,Inverter Low R&D,44,LCOE,0.004444260178609244,Δ$/kWh
Inverter R&D,Inverter Low R&D,44,Labor,0.0019360956976015586,Δ$/system
Inverter R&D,Inverter Low R&D,45,GHG,2.26928362619077,ΔgCO2e/system
Inverter R&D,Inverter Low R&D,45,LCOE,0.004507197390213866,Δ$/kWh
Inverter R&D,Inverter Low R&D,45,Labor,0.022762087591672753,Δ$/system
Inverter R&D,Inverter Low R&D,46,GHG,2.5712369513941553,ΔgCO2e/system
Inverter R&D,Inverter Low R&D,46,LCOE,0.004707831142923211,Δ$/kWh
Inverter R&D,Inverter Low R&D,46,Labor,0.07618374007711282,Δ$/system
Inverter R&D,Inverter Low R&D,47,GHG,2.2873009533063993,ΔgCO2e/system
Inverter R&D,Inverter Low R&D,47,LCOE,0.00431089451652196,Δ$/kWh
Inverter R&D,Inverter Low R&D,47,Labor,0.058293908907899095,Δ$/system
Inverter R&D,Inverter Low R&D,48,GHG,2.4661351249002195,ΔgCO2e/system
Inverter R&D,Inverter Low R&D,48,LCOE,0.004616179031633652,Δ$/kWh
Inverter R&D,Inverter Low R&D,48,Labor,-0.012938574610416254,Δ$/system
Inverter R&D,Inverter Low R&D,49,GHG,2.2170783457380736,ΔgCO2e/system
Inverter R&D,Inverter Low R&D,49,LCOE,0.004319040160748272,Δ$/kWh
Inverter R&D,Inverter Low R&D,49,Labor,0.027073081716253,Δ$/system
Inverter R&D,Inverter Low R&D,50,GHG,2.535472855698515,ΔgCO2e/system
Inverter R&D,Inverter Low R&D,50,LCOE,0.004709604449832497,Δ$/kWh
Inverter R&D,Inverter Low R&D,50,Labor,0.05948639590769744,Δ$/system
Module R&D,Module High R&D,1,GHG,46.81127413405733,ΔgCO2e/system
Module R&D,Module High R&D,1,LCOE,0.04191282405825361,Δ$/kWh
Module R&D,Module High R&D,1,Labor,0.02088547300695609,Δ$/system
Module R&D,Module High R&D,2,GHG,41.254019930319316,ΔgCO2e/system
Module R&D,Module High R&D,2,LCOE,0.03868435712737897,Δ$/kWh
Module R&D,Module High R&D,2,Labor,-0.023801504111361282,Δ$/system
Module R&D,Module High R&D,3,GHG,49.522794262756975,ΔgCO2e/system
Module R&D,Module High R&D,3,LCOE,0.04216021309234465,Δ$/kWh
Module R&D,Module High R&D,3,Labor,0.07709934288982367,Δ$/system
Module R&D,Module High R&D,4,GHG,46.66700203574578,ΔgCO2e/system
Module R&D,Module High R&D,4,LCOE,0.041205160279689845,Δ$/kWh
Module R&D,Module High R&D,4,Labor,0.0863308151460842,Δ$/system
Module R&D,Module High R&D,5,GHG,45.67058953890313,ΔgCO2e/system
Module R&D,Module High R&D,5,LCOE,0.04072410788973625,Δ$/kWh
Module R&D,Module High R&D,5,Labor,0.01741760948971205,Δ$/system
Module R&D,Module High R&D,6,GHG,43.423621439165785,ΔgCO2e/system
Module R&D,Module High R&D,6,LCOE,0.0393644851179496,Δ$/kWh
Module R&D,Module High R&D,6,Labor,0.008049173106201124,Δ$/system
Module R&D,Module High R&D,7,GHG,50.87346501217675,ΔgCO2e/system
Module R&D,Module High R&D,7,LCOE,0.042394725110033504,Δ$/kWh
Module R&D,Module High R&D,7,Labor,0.019596372034357046,Δ$/system
Module R&D,Module High R&D,8,GHG,44.531104854833146,ΔgCO2e/system
Module R&D,Module High R&D,8,LCOE,0.040116769702374336,Δ$/kWh
Module R&D,Module High R&D,8,Labor,0.04296952421782407,Δ$/system
Module R&D,Module High R&D,9,GHG,46.90972131127148,ΔgCO2e/system
Module R&D,Module High R&D,9,LCOE,0.04156839619740953,Δ$/kWh
Module R&D,Module High R&D,9,Labor,-0.06094739128866422,Δ$/system
Module R&D,Module High R&D,10,GHG,46.239080944327185,ΔgCO2e/system
Module R&D,Module High R&D,10,LCOE,0.04090348055919808,Δ$/kWh
Module R&D,Module High R&D,10,Labor,0.04478977947292151,Δ$/system
Module R&D,Module High R&D,11,GHG,48.59885446650935,ΔgCO2e/system
Module R&D,Module High R&D,11,LCOE,0.04177811785754129,Δ$/kWh
Module R&D,Module High R&D,11,Labor,0.006866050655162326,Δ$/system
Module R&D,Module High R&D,12,GHG,46.9195835008135,ΔgCO2e/system
Module R&D,Module High R&D,12,LCOE,0.04131444630330647,Δ$/kWh
Module R&D,Module High R&D,12,Labor,0.04280081228853305,Δ$/system
Module R&D,Module High R&D,13,GHG,47.281807449253165,ΔgCO2e/system
Module R&D,Module High R&D,13,LCOE,0.040958675912844564,Δ$/kWh
Module R&D,Module High R&D,13,Labor,0.05291254808889789,Δ$/system
Module R&D,Module High R&D,14,GHG,46.21205401906386,ΔgCO2e/system
Module R&D,Module High R&D,14,LCOE,0.04058653376073661,Δ$/kWh
Module R&D,Module High R&D,14,Labor,-0.045602407503793074,Δ$/system
Module R&D,Module High R&D,15,GHG,45.47537021665073,ΔgCO2e/system
Module R&D,Module High R&D,15,LCOE,0.040550806844103615,Δ$/kWh
Module R&D,Module High R&D,15,Labor,0.029870787545632993,Δ$/system
Module R&D,Module High R&D,16,GHG,47.45454106252362,ΔgCO2e/system
Module R&D,Module High R&D,16,LCOE,0.040683622785942286,Δ$/kWh
Module R&D,Module High R&D,16,Labor,0.08370635313440289,Δ$/system
Module R&D,Module High R&D,17,GHG,43.335125888388546,ΔgCO2e/system
Module R&D,Module High R&D,17,LCOE,0.03904901454550147,Δ$/kWh
Module R&D,Module High R&D,17,Labor,0.0021967159971154615,Δ$/system
Module R&D,Module High R&D,18,GHG,48.139904662791764,ΔgCO2e/system
Module R&D,Module High R&D,18,LCOE,0.04169880249923931,Δ$/kWh
Module R&D,Module High R&D,18,Labor,-0.03533599288516598,Δ$/system
Module R&D,Module High R&D,19,GHG,47.0146107378157,ΔgCO2e/system
Module R&D,Module High R&D,19,LCOE,0.04073133766557131,Δ$/kWh
Module R&D,Module High R&D,19,Labor,-0.026757736326089798,Δ$/system
Module R&D,Module High R&D,20,GHG,46.71453830563809,ΔgCO2e/system
Module R&D,Module High R&D,20,LCOE,0.040252938976375705,Δ$/kWh
Module R&D,Module High R&D,20,Labor,0.04030537273592927,Δ$/system
Module R&D,Module High R&D,21,GHG,47.277601332017724,ΔgCO2e/system
Module R&D,Module High R&D,21,LCOE,0.04089296720932964,Δ$/kWh
Module R&D,Module High R&D,21,Labor,0.013149325013955604,Δ$/system
Module R&D,Module High R&D,22,GHG,46.33528942150497,ΔgCO2e/system
Module R&D,Module High R&D,22,LCOE,0.04126160219748491,Δ$/kWh
Module R&D,Module High R&D,22,Labor,0.10372239022058238,Δ$/system
Module R&D,Module High R&D,23,GHG,50.69062464661383,ΔgCO2e/system
Module R&D,Module High R&D,23,LCOE,0.04326243507419633,Δ$/kWh
Module R&D,Module High R&D,23,Labor,0.0572807713997463,Δ$/system
Module R&D,Module High R&D,24,GHG,44.754539608390374,ΔgCO2e/system
Module R&D,Module High R&D,24,LCOE,0.0405774557249509,Δ$/kWh
Module R&D,Module High R&D,24,Labor,0.08537830758928067,Δ$/system
Module R&D,Module High R&D,25,GHG,44.09108554479975,ΔgCO2e/system
Module R&D,Module High R&D,25,LCOE,0.039940597770206074,Δ$/kWh
Module R&D,Module High R&D,25,Labor,0.08851776790515942,Δ$/system
Module R&D,Module High R&D,26,GHG,50.059507922881494,ΔgCO2e/system
Module R&D,Module High R&D,26,LCOE,0.04267738936017093,Δ$/kWh
Module R&D,Module High R&D,26,Labor,0.09508371442188945,Δ$/system
Module R&D,Module High R&D,27,GHG,46.82591839150021,ΔgCO2e/system
Module R&D,Module High R&D,27,LCOE,0.040471679635630475,Δ$/kWh
Module R&D,Module High R&D,27,Labor,0.002763093207249767,Δ$/system
Module R&D,Module High R&D,28,GHG,47.75885295055454,ΔgCO2e/system
Module R&D,Module High R&D,28,LCOE,0.041006764535211834,Δ$/kWh
Module R&D,Module High R&D,28,Labor,0.0011472583664726699,Δ$/system
Module R&D,Module High R&D,29,GHG,44.856624878060614,ΔgCO2e/system
Module R&D,Module High R&D,29,LCOE,0.04063355049909917,Δ$/kWh
Module R&D,Module High R&D,29,Labor,0.036189779174947034,Δ$/system
Module R&D,Module High R&D,30,GHG,51.637027741735636,ΔgCO2e/system
Module R&D,Module High R&D,30,LCOE,0.0430020292144859,Δ$/kWh
Module R&D,Module High R&D,30,Labor,0.02581542112011448,Δ$/system
Module R&D,Module High R&D,31,GHG,41.84739390615296,ΔgCO2e/system
Module R&D,Module High R&D,31,LCOE,0.038566857604578675,Δ$/kWh
Module R&D,Module High R&D,31,Labor,0.08830920295167743,Δ$/system
Module R&D,Module High R&D,32,GHG,54.47768341496845,ΔgCO2e/system
Module R&D,Module High R&D,32,LCOE,0.04451938720360495,Δ$/kWh
Module R&D,Module High R&D,32,Labor,-0.023242147769678922,Δ$/system
Module R&D,Module High R&D,33,GHG,50.43893104314503,ΔgCO2e/system
Module R&D,Module High R&D,33,LCOE,0.0431219563761238,Δ$/kWh
Module R&D,Module High R&D,33,Labor,-0.05867641827080661,Δ$/system
Module R&D,Module High R&D,34,GHG,44.47663019589562,ΔgCO2e/system
Module R&D,Module High R&D,34,LCOE,0.03981332111092359,Δ$/kWh
Module R&D,Module High R&D,34,Labor,0.08309541751236793,Δ$/system
Module R&D,Module High R&D,35,GHG,51.8920833294022,ΔgCO2e/system
Module R&D,Module High R&D,35,LCOE,0.04336637628498677,Δ$/kWh
Module R&D,Module High R&D,35,Labor,-0.05782630693079227,Δ$/system
Module R&D,Module High R&D,36,GHG,49.401782239826616,ΔgCO2e/system
Module R&D,Module High R&D,36,LCOE,0.04277290682205097,Δ$/kWh
Module R&D,Module High R&D,36,Labor,0.05059895780186707,Δ$/system
Module R&D,Module High R&D,37,GHG,50.6000066957497,ΔgCO2e/system
Module R&D,Module High R&D,37,LCOE,0.04341361722578395,Δ$/kWh
Module R&D,Module High R&D,37,Labor,-0.01633140953435941,Δ$/system
Module R&D,Module High R&D,38,GHG,47.74430031086439,ΔgCO2e/system
Module R&D,Module High R&D,38,LCOE,0.04150477823308853,Δ$/kWh
Module R&D,Module High R&D,38,Labor,0.03278354289705021,Δ$/system
Module R&D,Module High R&D,39,GHG,49.374473520166504,ΔgCO2e/system
Module R&D,Module High R&D,39,LCOE,0.0424502082281223,Δ$/kWh
Module R&D,Module High R&D,39,Labor,0.09186563775278955,Δ$/system
Module R&D,Module High R&D,40,GHG,43.072932323218495,ΔgCO2e/system
Module R&D,Module High R&D,40,LCOE,0.038930041357612605,Δ$/kWh
Module R&D,Module High R&D,40,Labor,0.07295076048467308,Δ$/system
Module R&D,Module High R&D,41,GHG,43.84214616520451,ΔgCO2e/system
Module R&D,Module High R&D,41,LCOE,0.03943595965179768,Δ$/kWh
Module R&D,Module High R&D,41,Labor,0.08922140914705778,Δ$/system
Module R&D,Module High R&D,42,GHG,47.021605754741444,ΔgCO2e/system
Module R&D,Module High R&D,42,LCOE,0.04186571692453864,Δ$/kWh
Module R&D,Module High R&D,42,Labor,0.09529479603429536,Δ$/system
Module R&D,Module High R&D,43,GHG,43.76332803819163,ΔgCO2e/system
Module R&D,Module High R&D,43,LCOE,0.03992433716353047,Δ$/kWh
Module R&D,Module High R&D,43,Labor,-0.04581301559142048,Δ$/system
Module R&D,Module High R&D,44,GHG,46.96676051928799,ΔgCO2e/system
Module R&D,Module High R&D,44,LCOE,0.040862307679345414,Δ$/kWh
Module R&D,Module High R&D,44,Labor,-0.023029247566000777,Δ$/system
Module R&D,Module High R&D,45,GHG,47.899603967497484,ΔgCO2e/system
Module R&D,Module High R&D,45,LCOE,0.04102449607739983,Δ$/kWh
Module R&D,Module High R&D,45,Labor,0.0021872353809158085,Δ$/system
Module R&D,Module High R&D,46,GHG,47.254359490488724,ΔgCO2e/system
Module R&D,Module High R&D,46,LCOE,0.04178977460700051,Δ$/kWh
Module R&D,Module High R&D,46,Labor,0.04854142294266239,Δ$/system
Module R&D,Module High R&D,47,GHG,45.97856317954475,ΔgCO2e/system
Module R&D,Module High R&D,47,LCOE,0.04093927955676234,Δ$/kWh
Module R&D,Module High R&D,47,Labor,0.09538594162290792,Δ$/system
Module R&D,Module High R&D,48,GHG,51.330247274211956,ΔgCO2e/system
Module R&D,Module High R&D,48,LCOE,0.042820675540664405,Δ$/kWh
Module R&D,Module High R&D,48,Labor,-0.005719599542999276,Δ$/system
Module R&D,Module High R&D,49,GHG,51.973744855541554,ΔgCO2e/system
Module R&D,Module High R&D,49,LCOE,0.04340237338894787,Δ$/kWh
Module R&D,Module High R&D,49,Labor,-0.015664913661339597,Δ$/system
Module R&D,Module High R&D,50,GHG,43.96588081586437,ΔgCO2e/system
Module R&D,Module High R&D,50,LCOE,0.03927454524011306,Δ$/kWh
Module R&D,Module High R&D,50,Labor,0.01480021594329628,Δ$/system
Module R&D,Module Medium R&D,1,GHG,44.51330473043345,ΔgCO2e/system
Module R&D,Module Medium R&D,1,LCOE,0.038962710798419314,Δ$/kWh
Module R&D,Module Medium R&D,1,Labor,-0.03510020670046288,Δ$/system
Module R&D,Module Medium R&D,2,GHG,37.1713572115727,ΔgCO2e/system
Module R&D,Module Medium R&D,2,LCOE,0.03569619595605203,Δ$/kWh
Module R&D,Module Medium R&D,2,Labor,0.028006287115886153,Δ$/system
Module R&D,Module Medium R&D,3,GHG,44.22750352896645,ΔgCO2e/system
Module R&D,Module Medium R&D,3,LCOE,0.038443354838147245,Δ$/kWh
Module R&D,Module Medium R&D,3,Labor,0.07460874636603876,Δ$/system
Module R&D,Module Medium R&D,4,GHG,41.02010504787616,ΔgCO2e/system
Module R&D,Module Medium R&D,4,LCOE,0.037305054485040526,Δ$/kWh
Module R&D,Module Medium R&D,4,Labor,0.02671611771074822,Δ$/system
Module R&D,Module Medium R&D,5,GHG,43.419100278923935,ΔgCO2e/system
Module R&D,Module Medium R&D,5,LCOE,0.03813090395758624,Δ$/kWh
Module R&D,Module Medium R&D,5,Labor,0.02917017781260256,Δ$/system
Module R&D,Module Medium R&D,6,GHG,43.86186099281102,ΔgCO2e/system
Module R&D,Module Medium R&D,6,LCOE,0.038180654209905254,Δ$/kWh
Module R&D,Module Medium R&D,6,Labor,0.08389481255130704,Δ$/system
Module R&D,Module Medium R&D,7,GHG,42.54013071827747,ΔgCO2e/system
Module R&D,Module Medium R&D,7,LCOE,0.03792184357139815,Δ$/kWh
Module R&D,Module Medium R&D,7,Labor,0.05066961224952138,Δ$/system
Module R&D,Module Medium R&D,8,GHG,38.29008780936297,ΔgCO2e/system
Module R&D,Module Medium R&D,8,LCOE,0.03651776732449194,Δ$/kWh
Module R&D,Module Medium R&D,8,Labor,0.017317074549055178,Δ$/system
Module R&D,Module Medium R&D,9,GHG,39.948651767577715,ΔgCO2e/system
Module R&D,Module Medium R&D,9,LCOE,0.03668255902441617,Δ$/kWh
Module R&D,Module Medium R&D,9,Labor,0.053327654429722315,Δ$/system
Module R&D,Module Medium R&D,10,GHG,47.144859588176104,ΔgCO2e/system
Module R&D,Module Medium R&D,10,LCOE,0.04017786017656674,Δ$/kWh
Module R&D,Module Medium R&D,10,Labor,0.03130759027817476,Δ$/system
Module R&D,Module Medium R&D,11,GHG,41.11800781197522,ΔgCO2e/system
Module R&D,Module Medium R&D,11,LCOE,0.037129329325374716,Δ$/kWh
Module R&D,Module Medium R&D,11,Labor,0.024592839797605848,Δ$/system
Module R&D,Module Medium R&D,12,GHG,42.35153204457643,ΔgCO2e/system
Module R&D,Module Medium R&D,12,LCOE,0.03764187675680378,Δ$/kWh
Module R&D,Module Medium R&D,12,Labor,0.013107655728163081,Δ$/system
Module R&D,Module Medium R&D,13,GHG,39.56213844092592,ΔgCO2e/system
Module R&D,Module Medium R&D,13,LCOE,0.03666610411332248,Δ$/kWh
Module R&D,Module Medium R&D,13,Labor,0.010773149392434789,Δ$/system
Module R&D,Module Medium R&D,14,GHG,36.86780920521508,ΔgCO2e/system
Module R&D,Module Medium R&D,14,LCOE,0.035614360591472036,Δ$/kWh
Module R&D,Module Medium R&D,14,Labor,0.08036193074713083,Δ$/system
Module R&D,Module Medium R&D,15,GHG,44.30695744847361,ΔgCO2e/system
Module R&D,Module Medium R&D,15,LCOE,0.03903260230265049,Δ$/kWh
Module R&D,Module Medium R&D,15,Labor,0.09382986071864252,Δ$/system
Module R&D,Module Medium R&D,16,GHG,42.83698930563506,ΔgCO2e/system
Module R&D,Module Medium R&D,16,LCOE,0.038238828669305544,Δ$/kWh
Module R&D,Module Medium R&D,16,Labor,0.059075925321849354,Δ$/system
Module R&D,Module Medium R&D,17,GHG,43.557788320449845,ΔgCO2e/system
Module R&D,Module Medium R&D,17,LCOE,0.03860881241786028,Δ$/kWh
Module R&D,Module Medium R&D,17,Labor,0.04176311819105649,Δ$/system
Module R&D,Module Medium R&D,18,GHG,40.11752719912987,ΔgCO2e/system
Module R&D,Module Medium R&D,18,LCOE,0.03696805368181079,Δ$/kWh
Module R&D,Module Medium R&D,18,Labor,0.01883293262949337,Δ$/system
Module R&D,Module Medium R&D,19,GHG,40.61246367038913,ΔgCO2e/system
Module R&D,Module Medium R&D,19,LCOE,0.0371681929579039,Δ$/kWh
Module R&D,Module Medium R&D,19,Labor,0.06873902106735841,Δ$/system
Module R&D,Module Medium R&D,20,GHG,36.22688710587104,ΔgCO2e/system
Module R&D,Module Medium R&D,20,LCOE,0.03545363989036088,Δ$/kWh
Module R&D,Module Medium R&D,20,Labor,0.012988359191922427,Δ$/system
Module R&D,Module Medium R&D,21,GHG,42.487611512162005,ΔgCO2e/system
Module R&D,Module Medium R&D,21,LCOE,0.03799668296859787,Δ$/kWh
Module R&D,Module Medium R&D,21,Labor,-0.0034804916019766097,Δ$/system
Module R&D,Module Medium R&D,22,GHG,43.79308282438478,ΔgCO2e/system
Module R&D,Module Medium R&D,22,LCOE,0.03852551754309079,Δ$/kWh
Module R&D,Module Medium R&D,22,Labor,0.024175979421215743,Δ$/system
Module R&D,Module Medium R&D,23,GHG,41.408120288827874,ΔgCO2e/system
Module R&D,Module Medium R&D,23,LCOE,0.03713491939704015,Δ$/kWh
Module R&D,Module Medium R&D,23,Labor,0.09349830255905545,Δ$/system
Module R&D,Module Medium R&D,24,GHG,46.400130924348446,ΔgCO2e/system
Module R&D,Module Medium R&D,24,LCOE,0.03960709755619132,Δ$/kWh
Module R&D,Module Medium R&D,24,Labor,-0.01937845050224496,Δ$/system
Module R&D,Module Medium R&D,25,GHG,39.265702380550806,ΔgCO2e/system
Module R&D,Module Medium R&D,25,LCOE,0.03646387589590576,Δ$/kWh
Module R&D,Module Medium R&D,25,Labor,0.03438898382773914,Δ$/system
Module R&D,Module Medium R&D,26,GHG,40.78569022571159,ΔgCO2e/system
Module R&D,Module Medium R&D,26,LCOE,0.03717744813987066,Δ$/kWh
Module R&D,Module Medium R&D,26,Labor,0.03938419234191315,Δ$/system
Module R&D,Module Medium R&D,27,GHG,43.50278338358804,ΔgCO2e/system
Module R&D,Module Medium R&D,27,LCOE,0.038156661367587455,Δ$/kWh
Module R&D,Module Medium R&D,27,Labor,0.0009685805289336713,Δ$/system
Module R&D,Module Medium R&D,28,GHG,42.35026302340587,ΔgCO2e/system
Module R&D,Module Medium R&D,28,LCOE,0.037564094348344235,Δ$/kWh
Module R&D,Module Medium R&D,28,Labor,0.02534144796209148,Δ$/system
Module R&D,Module Medium R&D,29,GHG,41.38582967270938,ΔgCO2e/system
Module R&D,Module Medium R&D,29,LCOE,0.03758177802719795,Δ$/kWh
Module R&D,Module Medium R&D,29,Labor,-0.014459866171137037,Δ$/system
Module R&D,Module Medium R&D,30,GHG,39.24798524252216,ΔgCO2e/system
Module R&D,Module Medium R&D,30,LCOE,0.03687243733365107,Δ$/kWh
Module R&D,Module Medium R&D,30,Labor,0.0671532056835531,Δ$/system
Module R&D,Module Medium R&D,31,GHG,41.126716681340895,ΔgCO2e/system
Module R&D,Module Medium R&D,31,LCOE,0.037464174023582694,Δ$/kWh
Module R&D,Module Medium R&D,31,Labor,-0.022844935375815112,Δ$/system
Module R&D,Module Medium R&D,32,GHG,44.34849024727188,ΔgCO2e/system
Module R&D,Module Medium R&D,32,LCOE,0.038766818227894684,Δ$/kWh
Module R&D,Module Medium R&D,32,Labor,-0.01766159397402589,Δ$/system
Module R&D,Module Medium R&D,33,GHG,39.49795802697304,ΔgCO2e/system
Module R&D,Module Medium R&D,33,LCOE,0.036567243375423705,Δ$/kWh
Module R&D,Module Medium R&D,33,Labor,0.024790676926841115,Δ$/system
Module R&D,Module Medium R&D,34,GHG,41.75120161699775,ΔgCO2e/system
Module R&D,Module Medium R&D,34,LCOE,0.037327448715488834,Δ$/kWh
Module R&D,Module Medium R&D,34,Labor,0.04143573381429633,Δ$/system
Module R&D,Module Medium R&D,35,GHG,39.67436638259642,ΔgCO2e/system
Module R&D,Module Medium R&D,35,LCOE,0.036458890200533084,Δ$/kWh
Module R&D,Module Medium R&D,35,Labor,-0.012094638750113518,Δ$/system
Module R&D,Module Medium R&D,36,GHG,39.10752565724199,ΔgCO2e/system
Module R&D,Module Medium R&D,36,LCOE,0.03660326107213423,Δ$/kWh
Module R&D,Module Medium R&D,36,Labor,0.052683972602608264,Δ$/system
Module R&D,Module Medium R&D,37,GHG,40.46881199008284,ΔgCO2e/system
Module R&D,Module Medium R&D,37,LCOE,0.037016524532574896,Δ$/kWh
Module R&D,Module Medium R&D,37,Labor,0.039017106736537244,Δ$/system
Module R&D,Module Medium R&D,38,GHG,42.08687355981148,ΔgCO2e/system
Module R&D,Module Medium R&D,38,LCOE,0.03829599424250599,Δ$/kWh
Module R&D,Module Medium R&D,38,Labor,0.036212302176181765,Δ$/system
Module R&D,Module Medium R&D,39,GHG,42.728136114646546,ΔgCO2e/system
Module R&D,Module Medium R&D,39,LCOE,0.03813806367896161,Δ$/kWh
Module R&D,Module Medium R&D,39,Labor,0.02482438547349375,Δ$/system
Module R&D,Module Medium R&D,40,GHG,42.0860367293332,ΔgCO2e/system
Module R&D,Module Medium R&D,40,LCOE,0.0380443183843254,Δ$/kWh
Module R&D,Module Medium R&D,40,Labor,0.047927795740179135,Δ$/system
Module R&D,Module Medium R&D,41,GHG,41.096692782466846,ΔgCO2e/system
Module R&D,Module Medium R&D,41,LCOE,0.036847824376476046,Δ$/kWh
Module R&D,Module Medium R&D,41,Labor,-0.0031448097747670545,Δ$/system
Module R&D,Module Medium R&D,42,GHG,42.80856777531828,ΔgCO2e/system
Module R&D,Module Medium R&D,42,LCOE,0.03785223452386696,Δ$/kWh
Module R&D,Module Medium R&D,42,Labor,0.05058693007549664,Δ$/system
Module R&D,Module Medium R&D,43,GHG,43.29599483068603,ΔgCO2e/system
Module R&D,Module Medium R&D,43,LCOE,0.03809838084006853,Δ$/kWh
Module R&D,Module Medium R&D,43,Labor,0.06414339591174212,Δ$/system
Module R&D,Module Medium R&D,44,GHG,40.15378319460412,ΔgCO2e/system
Module R&D,Module Medium R&D,44,LCOE,0.036799555809280515,Δ$/kWh
Module R&D,Module Medium R&D,44,Labor,-0.044020755495012054,Δ$/system
Module R&D,Module Medium R&D,45,GHG,44.25994866511881,ΔgCO2e/system
Module R&D,Module Medium R&D,45,LCOE,0.03906102771323322,Δ$/kWh
Module R&D,Module Medium R&D,45,Labor,0.03630805433158457,Δ$/system
Module R&D,Module Medium R&D,46,GHG,44.24934281709278,ΔgCO2e/system
Module R&D,Module Medium R&D,46,LCOE,0.038572746227048996,Δ$/kWh
Module R&D,Module Medium R&D,46,Labor,0.017349547631965834,Δ$/system
Module R&D,Module Medium R&D,47,GHG,41.95266111411779,ΔgCO2e/system
Module R&D,Module Medium R&D,47,LCOE,0.03752842476650112,Δ$/kWh
Module R&D,Module Medium R&D,47,Labor,-0.02369473734188432,Δ$/system
Module R&D,Module Medium R&D,48,GHG,38.50214853002103,ΔgCO2e/system
Module R&D,Module Medium R&D,48,LCOE,0.03630832346225407,Δ$/kWh
Module R&D,Module Medium R&D,48,Labor,0.045663317869639286,Δ$/system
Module R&D,Module Medium R&D,49,GHG,42.743420252381554,ΔgCO2e/system
Module R&D,Module Medium R&D,49,LCOE,0.038151225539076766,Δ$/kWh
Module R&D,Module Medium R&D,49,Labor,-0.027734829645623904,Δ$/system
Module R&D,Module Medium R&D,50,GHG,39.12359874734206,ΔgCO2e/system
Module R&D,Module Medium R&D,50,LCOE,0.036762514331702814,Δ$/kWh
Module R&D,Module Medium R&D,50,Labor,0.07322803128317901,Δ$/system
Module R&D,Module Low R&D,1,GHG,13.309184747991395,ΔgCO2e/system
Module R&D,Module Low R&D,1,LCOE,0.014225779867886396,Δ$/kWh
Module R&D,Module Low R&D,1,Labor,-0.0006922189329543471,Δ$/system
Module R&D,Module Low R&D,2,GHG,12.530322858500398,ΔgCO2e/system
Module R&D,Module Low R&D,2,LCOE,0.014078756101669768,Δ$/kWh
Module R&D,Module Low R&D,2,Labor,0.01958732699426946,Δ$/system
Module R&D,Module Low R&D,3,GHG,11.964198055459619,ΔgCO2e/system
Module R&D,Module Low R&D,3,LCOE,0.013604705079915291,Δ$/kWh
Module R&D,Module Low R&D,3,Labor,-0.005616012894734013,Δ$/system
Module R&D,Module Low R&D,4,GHG,14.987453611402614,ΔgCO2e/system
Module R&D,Module Low R&D,4,LCOE,0.015895229854871518,Δ$/kWh
Module R&D,Module Low R&D,4,Labor,-0.02189986491862328,Δ$/system
Module R&D,Module Low R&D,5,GHG,14.526551611037647,ΔgCO2e/system
Module R&D,Module Low R&D,5,LCOE,0.01534090365361225,Δ$/kWh
Module R&D,Module Low R&D,5,Labor,0.020716174040444457,Δ$/system
Module R&D,Module Low R&D,6,GHG,13.951504710214664,ΔgCO2e/system
Module R&D,Module Low R&D,6,LCOE,0.015180312339759208,Δ$/kWh
Module R&D,Module Low R&D,6,Labor,0.006265551753585896,Δ$/system
Module R&D,Module Low R&D,7,GHG,15.26221409430731,ΔgCO2e/system
Module R&D,Module Low R&D,7,LCOE,0.016313964009393306,Δ$/kWh
Module R&D,Module Low R&D,7,Labor,0.061525671478875665,Δ$/system
Module R&D,Module Low R&D,8,GHG,14.463186318716794,ΔgCO2e/system
Module R&D,Module Low R&D,8,LCOE,0.015408028435954,Δ$/kWh
Module R&D,Module Low R&D,8,Labor,0.02952630310778659,Δ$/system
Module R&D,Module Low R&D,9,GHG,12.782747769532037,ΔgCO2e/system
Module R&D,Module Low R&D,9,LCOE,0.014274827849157956,Δ$/kWh
Module R&D,Module Low R&D,9,Labor,0.05447644756577574,Δ$/system
Module R&D,Module Low R&D,10,GHG,13.427262489885692,ΔgCO2e/system
Module R&D,Module Low R&D,10,LCOE,0.015109017738173455,Δ$/kWh
Module R&D,Module Low R&D,10,Labor,0.071371881592313,Δ$/system
Module R&D,Module Low R&D,11,GHG,16.618595715627038,ΔgCO2e/system
Module R&D,Module Low R&D,11,LCOE,0.016541322782704745,Δ$/kWh
Module R&D,Module Low R&D,11,Labor,0.00908500267269119,Δ$/system
Module R&D,Module Low R&D,12,GHG,16.333098699086634,ΔgCO2e/system
Module R&D,Module Low R&D,12,LCOE,0.01745638711551832,Δ$/kWh
Module R&D,Module Low R&D,12,Labor,-0.02598248074878029,Δ$/system
Module R&D,Module Low R&D,13,GHG,16.668988605248813,ΔgCO2e/system
Module R&D,Module Low R&D,13,LCOE,0.017507048191579874,Δ$/kWh
Module R&D,Module Low R&D,13,Labor,0.11509075397680135,Δ$/system
Module R&D,Module Low R&D,14,GHG,15.61304176649324,ΔgCO2e/system
Module R&D,Module Low R&D,14,LCOE,0.016803081609981854,Δ$/kWh
Module R&D,Module Low R&D,14,Labor,-0.020600853573114364,Δ$/system
Module R&D,Module Low R&D,15,GHG,14.02841969474386,ΔgCO2e/system
Module R&D,Module Low R&D,15,LCOE,0.015263710980422313,Δ$/kWh
Module R&D,Module Low R&D,15,Labor,-0.008892930501360752,Δ$/system
Module R&D,Module Low R&D,16,GHG,13.600884729811327,ΔgCO2e/system
Module R&D,Module Low R&D,16,LCOE,0.014447891291964887,Δ$/kWh
Module R&D,Module Low R&D,16,Labor,-0.01470835684449412,Δ$/system
Module R&D,Module Low R&D,17,GHG,13.853078198716432,ΔgCO2e/system
Module R&D,Module Low R&D,17,LCOE,0.01494834317280401,Δ$/kWh
Module R&D,Module Low R&D,17,Labor,0.003974994579721169,Δ$/system
Module R&D,Module Low R&D,18,GHG,15.776987978603799,ΔgCO2e/system
Module R&D,Module Low R&D,18,LCOE,0.016265169769554777,Δ$/kWh
Module R&D,Module Low R&D,18,Labor,-0.06638220069839917,Δ$/system
Module R&D,Module Low R&D,19,GHG,13.617792274108325,ΔgCO2e/system
Module R&D,Module Low R&D,19,LCOE,0.015039725757140882,Δ$/kWh
Module R&D,Module Low R&D,19,Labor,0.010222779200603327,Δ$/system
Module R&D,Module Low R&D,20,GHG,13.092998935019324,ΔgCO2e/system
Module R&D,Module Low R&D,20,LCOE,0.014016703483001311,Δ$/kWh
Module R&D,Module Low R&D,20,Labor,0.08852174820367509,Δ$/system
Module R&D,Module Low R&D,21,GHG,14.153748148109898,ΔgCO2e/system
Module R&D,Module Low R&D,21,LCOE,0.015325430310867097,Δ$/kWh
Module R&D,Module Low R&D,21,Labor,0.03226682776198686,Δ$/system
Module R&D,Module Low R&D,22,GHG,13.925212759411451,ΔgCO2e/system
Module R&D,Module Low R&D,22,LCOE,0.015404321362662482,Δ$/kWh
Module R&D,Module Low R&D,22,Labor,-0.04292001634780718,Δ$/system
Module R&D,Module Low R&D,23,GHG,12.830194843702799,ΔgCO2e/system
Module R&D,Module Low R&D,23,LCOE,0.014585347426314996,Δ$/kWh
Module R&D,Module Low R&D,23,Labor,0.024894522577142197,Δ$/system
Module R&D,Module Low R&D,24,GHG,18.020481595485947,ΔgCO2e/system
Module R&D,Module Low R&D,24,LCOE,0.01825234358442354,Δ$/kWh
Module R&D,Module Low R&D,24,Labor,0.07049326234505315,Δ$/system
Module R&D,Module Low R&D,25,GHG,12.907004071670698,ΔgCO2e/system
Module R&D,Module Low R&D,25,LCOE,0.014802372064130417,Δ$/kWh
Module R&D,Module Low R&D,25,Labor,-0.03768677704579204,Δ$/system
Module R&D,Module Low R&D,26,GHG,12.115745527960357,ΔgCO2e/system
Module R&D,Module Low R&D,26,LCOE,0.013644026159330164,Δ$/kWh
Module R&D,Module Low R&D,26,Labor,0.011703063932145596,Δ$/system
Module R&D,Module Low R&D,27,GHG,12.290198212718522,ΔgCO2e/system
Module R&D,Module Low R&D,27,LCOE,0.013648340450474888,Δ$/kWh
Module R&D,Module Low R&D,27,Labor,0.0863874406315972,Δ$/system
Module R&D,Module Low R&D,28,GHG,15.28260764409822,ΔgCO2e/system
Module R&D,Module Low R&D,28,LCOE,0.016551607532599225,Δ$/kWh
Module R&D,Module Low R&D,28,Labor,0.050261703231399224,Δ$/system
Module R&D,Module Low R&D,29,GHG,16.40297782197841,ΔgCO2e/system
Module R&D,Module Low R&D,29,LCOE,0.016530506073151263,Δ$/kWh
Module R&D,Module Low R&D,29,Labor,-0.05806499942195842,Δ$/system
Module R&D,Module Low R&D,30,GHG,11.061370196078244,ΔgCO2e/system
Module R&D,Module Low R&D,30,LCOE,0.013225686353307092,Δ$/kWh
Module R&D,Module Low R&D,30,Labor,0.025447541106814242,Δ$/system
Module R&D,Module Low R&D,31,GHG,16.270754993160352,ΔgCO2e/system
Module R&D,Module Low R&D,31,LCOE,0.0169942537099715,Δ$/kWh
Module R&D,Module Low R&D,31,Labor,-0.050346924732593834,Δ$/system
Module R&D,Module Low R&D,32,GHG,12.997850893992961,ΔgCO2e/system
Module R&D,Module Low R&D,32,LCOE,0.014603707069433411,Δ$/kWh
Module R&D,Module Low R&D,32,Labor,0.07530998466768324,Δ$/system
Module R&D,Module Low R&D,33,GHG,15.374222098126069,ΔgCO2e/system
Module R&D,Module Low R&D,33,LCOE,0.016466586433969907,Δ$/kWh
Module R&D,Module Low R&D,33,Labor,-0.015135129159261851,Δ$/system
Module R&D,Module Low R&D,34,GHG,13.314261702063845,ΔgCO2e/system
Module R&D,Module Low R&D,34,LCOE,0.01441009137213918,Δ$/kWh
Module R&D,Module Low R&D,34,Labor,0.031003130196268103,Δ$/system
Module R&D,Module Low R&D,35,GHG,13.010834902770526,ΔgCO2e/system
Module R&D,Module Low R&D,35,LCOE,0.014578465515591693,Δ$/kWh
Module R&D,Module Low R&D,35,Labor,-0.03891844595955263,Δ$/system
Module R&D,Module Low R&D,36,GHG,13.854982020994967,ΔgCO2e/system
Module R&D,Module Low R&D,36,LCOE,0.015164043191873783,Δ$/kWh
Module R&D,Module Low R&D,36,Labor,-0.033073662982360474,Δ$/system
Module R&D,Module Low R&D,37,GHG,12.27455206772747,ΔgCO2e/system
Module R&D,Module Low R&D,37,LCOE,0.013660521861180788,Δ$/kWh
Module R&D,Module Low R&D,37,Labor,-0.012839879235116314,Δ$/system
Module R&D,Module Low R&D,38,GHG,14.980218430761525,ΔgCO2e/system
Module R&D,Module Low R&D,38,LCOE,0.015675933747942697,Δ$/kWh
Module R&D,Module Low R&D,38,Labor,0.010778729549201671,Δ$/system
Module R&D,Module Low R&D,39,GHG,13.570829586794119,ΔgCO2e/system
Module R&D,Module Low R&D,39,LCOE,0.015184736444667737,Δ$/kWh
Module R&D,Module Low R&D,39,Labor,0.05643561970146038,Δ$/system
Module R&D,Module Low R&D,40,GHG,13.995738841727658,ΔgCO2e/system
Module R&D,Module Low R&D,40,LCOE,0.015324514490888827,Δ$/kWh
Module R&D,Module Low R&D,40,Labor,0.053982914111429636,Δ$/system
Module R&D,Module Low R&D,41,GHG,17.401979164267857,ΔgCO2e/system
Module R&D,Module Low R&D,41,LCOE,0.017598224518978176,Δ$/kWh
Module R&D,Module Low R&D,41,Labor,0.010444833690598898,Δ$/system
Module R&D,Module Low R&D,42,GHG,13.678537363011372,ΔgCO2e/system
Module R&D,Module Low R&D,42,LCOE,0.015289539290286841,Δ$/kWh
Module R&D,Module Low R&D,42,Labor,0.024475988437416163,Δ$/system
Module R&D,Module Low R&D,43,GHG,12.091265034204099,ΔgCO2e/system
Module R&D,Module Low R&D,43,LCOE,0.01357264248488979,Δ$/kWh
Module R&D,Module Low R&D,43,Labor,0.08729125415197814,Δ$/system
Module R&D,Module Low R&D,44,GHG,12.741376327130254,ΔgCO2e/system
Module R&D,Module Low R&D,44,LCOE,0.014198141861083341,Δ$/kWh
Module R&D,Module Low R&D,44,Labor,-0.035447830702423744,Δ$/system
Module R&D,Module Low R&D,45,GHG,13.142996334124092,ΔgCO2e/system
Module R&D,Module Low R&D,45,LCOE,0.014350980230516591,Δ$/kWh
Module R&D,Module Low R&D,45,Labor,0.03627874388757846,Δ$/system
Module R&D,Module Low R&D,46,GHG,12.367333937292003,ΔgCO2e/system
Module R&D,Module Low R&D,46,LCOE,0.014084476314438307,Δ$/kWh
Module R&D,Module Low R&D,46,Labor,0.011392471017870776,Δ$/system
Module R&D,Module Low R&D,47,GHG,15.36285918586924,ΔgCO2e/system
Module R&D,Module Low R&D,47,LCOE,0.01598680223422637,Δ$/kWh
Module R&D,Module Low R&D,47,Labor,0.045952193916036776,Δ$/system
Module R&D,Module Low R&D,48,GHG,14.153630141941889,ΔgCO2e/system
Module R&D,Module Low R&D,48,LCOE,0.014837302182992132,Δ$/kWh
Module R&D,Module Low R&D,48,Labor,-0.03769676314846038,Δ$/system
Module R&D,Module Low R&D,49,GHG,15.612375635999882,ΔgCO2e/system
Module R&D,Module Low R&D,49,LCOE,0.01619786235952099,Δ$/kWh
Module R&D,Module Low R&D,49,Labor,0.03978819018152535,Δ$/system
Module R&D,Module Low R&D,50,GHG,13.65448347011673,ΔgCO2e/system
Module R&D,Module Low R&D,50,LCOE,0.01490982214972067,Δ$/kWh
Module R&D,Module Low R&D,50,Labor,-0.015538639416263322,Δ$/system
