Quantile,Value,Question,Type,ElicitationDatas_ID,Elicitation Name,Person_ID,Condition,Parameter
0,0.0137685870021365,Status Quo,Annual Improvement,821,pv-elicitation-5,31,3,Kerf Loss
1,4.50394375990372,Status Quo,Annual Improvement,821,pv-elicitation-5,31,3,Kerf Loss
0.10,2.97553576971146,Status Quo,Annual Improvement,821,pv-elicitation-5,31,3,Kerf Loss
0.50,3.46975794450947,Status Quo,Annual Improvement,821,pv-elicitation-5,31,3,Kerf Loss
0.90,4.01173004038105,Status Quo,Annual Improvement,821,pv-elicitation-5,31,3,Kerf Loss
0,1.02201896912832,x5 R&D,Annual Improvement,821,pv-elicitation-5,31,3,Kerf Loss
1,5.50645071739521,x5 R&D,Annual Improvement,821,pv-elicitation-5,31,3,Kerf Loss
0.10,3.91084849428426,x5 R&D,Annual Improvement,821,pv-elicitation-5,31,3,Kerf Loss
0.50,4.50265882637083,x5 R&D,Annual Improvement,821,pv-elicitation-5,31,3,Kerf Loss
0.90,4.94190428312676,x5 R&D,Annual Improvement,821,pv-elicitation-5,31,3,Kerf Loss
0,1.96876921363333,Unlimited R&D,Annual Improvement,821,pv-elicitation-5,31,3,Kerf Loss
1,6.45402737218663,Unlimited R&D,Annual Improvement,821,pv-elicitation-5,31,3,Kerf Loss
0.10,4.95317435288288,Unlimited R&D,Annual Improvement,821,pv-elicitation-5,31,3,Kerf Loss
0.50,5.51905705608051,Unlimited R&D,Annual Improvement,821,pv-elicitation-5,31,3,Kerf Loss
0.90,6.12963550922473,Unlimited R&D,Annual Improvement,821,pv-elicitation-5,31,3,Kerf Loss
0,0.0361888228054426,Status Quo,Direct Value,821,pv-elicitation-5,31,3,Kerf Loss
1,139.112242676853,Status Quo,Direct Value,821,pv-elicitation-5,31,3,Kerf Loss
0.10,59.7606565975248,Status Quo,Direct Value,821,pv-elicitation-5,31,3,Kerf Loss
0.50,73.5687644811346,Status Quo,Direct Value,821,pv-elicitation-5,31,3,Kerf Loss
0.90,87.7085576999781,Status Quo,Direct Value,821,pv-elicitation-5,31,3,Kerf Loss
0,0.157399314203985,x5 R&D,Direct Value,821,pv-elicitation-5,31,3,Kerf Loss
1,77.0943944462606,x5 R&D,Direct Value,821,pv-elicitation-5,31,3,Kerf Loss
0.10,19.7012021101175,x5 R&D,Direct Value,821,pv-elicitation-5,31,3,Kerf Loss
0.50,38.7703550836868,x5 R&D,Direct Value,821,pv-elicitation-5,31,3,Kerf Loss
0.90,58.2522501001072,x5 R&D,Direct Value,821,pv-elicitation-5,31,3,Kerf Loss
0,4.97014925373134,Unlimited R&D,Direct Value,821,pv-elicitation-5,31,3,Kerf Loss
1,78.8404482456556,Unlimited R&D,Direct Value,821,pv-elicitation-5,31,3,Kerf Loss
0.10,20.2588535607811,Unlimited R&D,Direct Value,821,pv-elicitation-5,31,3,Kerf Loss
0.50,40.2975128845565,Unlimited R&D,Direct Value,821,pv-elicitation-5,31,3,Kerf Loss
0.90,60.4316100787507,Unlimited R&D,Direct Value,821,pv-elicitation-5,31,3,Kerf Loss
0,5.07089552238806,Status Quo,Annual Improvement,683,pv-elicitation-5,32,2,Kerf Loss
1,20.1007462686567,Status Quo,Annual Improvement,683,pv-elicitation-5,32,2,Kerf Loss
0.10,5.07089552238806,Status Quo,Annual Improvement,683,pv-elicitation-5,32,2,Kerf Loss
0.50,5.96820004455335,Status Quo,Annual Improvement,683,pv-elicitation-5,32,2,Kerf Loss
0.90,10.0509356204054,Status Quo,Annual Improvement,683,pv-elicitation-5,32,2,Kerf Loss
0,4.92910447761194,x5 R&D,Annual Improvement,683,pv-elicitation-5,32,2,Kerf Loss
1,29.8665515705057,x5 R&D,Annual Improvement,683,pv-elicitation-5,32,2,Kerf Loss
0.10,7.26350076098124,x5 R&D,Annual Improvement,683,pv-elicitation-5,32,2,Kerf Loss
0.50,9.97823963760503,x5 R&D,Annual Improvement,683,pv-elicitation-5,32,2,Kerf Loss
0.90,15.0052753808647,x5 R&D,Annual Improvement,683,pv-elicitation-5,32,2,Kerf Loss
0,14.8544776119403,Unlimited R&D,Annual Improvement,683,pv-elicitation-5,32,2,Kerf Loss
1,50.0186567164179,Unlimited R&D,Annual Improvement,683,pv-elicitation-5,32,2,Kerf Loss
0.10,15.1693807083983,Unlimited R&D,Annual Improvement,683,pv-elicitation-5,32,2,Kerf Loss
0.50,20.1028625529071,Unlimited R&D,Annual Improvement,683,pv-elicitation-5,32,2,Kerf Loss
0.90,29.8648585431054,Unlimited R&D,Annual Improvement,683,pv-elicitation-5,32,2,Kerf Loss
0,60.0485074626866,Status Quo,Direct Value,683,pv-elicitation-5,32,2,Kerf Loss
1,91.384328358209,Status Quo,Direct Value,683,pv-elicitation-5,32,2,Kerf Loss
0.10,80.066016930274,Status Quo,Direct Value,683,pv-elicitation-5,32,2,Kerf Loss
0.50,86.2396413455113,Status Quo,Direct Value,683,pv-elicitation-5,32,2,Kerf Loss
0.90,90.0747716640677,Status Quo,Direct Value,683,pv-elicitation-5,32,2,Kerf Loss
0,40.0559701492537,x5 R&D,Direct Value,683,pv-elicitation-5,32,2,Kerf Loss
1,85.4291044776119,x5 R&D,Direct Value,683,pv-elicitation-5,32,2,Kerf Loss
0.10,70.1241367787926,x5 R&D,Direct Value,683,pv-elicitation-5,32,2,Kerf Loss
0.50,80.011416796614,x5 R&D,Direct Value,683,pv-elicitation-5,32,2,Kerf Loss
0.90,82.584818445088,x5 R&D,Direct Value,683,pv-elicitation-5,32,2,Kerf Loss
0,0.0708955223880597,Unlimited R&D,Direct Value,683,pv-elicitation-5,32,2,Kerf Loss
1,60.0485074626866,Unlimited R&D,Direct Value,683,pv-elicitation-5,32,2,Kerf Loss
0.10,20.1231120516819,Unlimited R&D,Direct Value,683,pv-elicitation-5,32,2,Kerf Loss
0.50,35.3413120962352,Unlimited R&D,Direct Value,683,pv-elicitation-5,32,2,Kerf Loss
0.90,55.2144909779461,Unlimited R&D,Direct Value,683,pv-elicitation-5,32,2,Kerf Loss
0,0.0460714222095575,Status Quo,Annual Improvement,908,pv-elicitation-5,33,4,Kerf Loss
1,13.3079330606629,Status Quo,Annual Improvement,908,pv-elicitation-5,33,4,Kerf Loss
0.10,5.96442460116112,Status Quo,Annual Improvement,908,pv-elicitation-5,33,4,Kerf Loss
0.50,9.47650897812657,Status Quo,Annual Improvement,908,pv-elicitation-5,33,4,Kerf Loss
0.90,11.9817468968176,Status Quo,Annual Improvement,908,pv-elicitation-5,33,4,Kerf Loss
0,3.0810500727188,x5 R&D,Annual Improvement,908,pv-elicitation-5,33,4,Kerf Loss
1,24.8626391710857,x5 R&D,Annual Improvement,908,pv-elicitation-5,33,4,Kerf Loss
0.10,7.5348973958177,x5 R&D,Annual Improvement,908,pv-elicitation-5,33,4,Kerf Loss
0.50,14.9601443836447,x5 R&D,Annual Improvement,908,pv-elicitation-5,33,4,Kerf Loss
0.90,19.888634496384,x5 R&D,Annual Improvement,908,pv-elicitation-5,33,4,Kerf Loss
0,3.18410071185618,Unlimited R&D,Annual Improvement,908,pv-elicitation-5,33,4,Kerf Loss
1,35.3453725331906,Unlimited R&D,Annual Improvement,908,pv-elicitation-5,33,4,Kerf Loss
0.10,15.0055435230232,Unlimited R&D,Annual Improvement,908,pv-elicitation-5,33,4,Kerf Loss
0.50,21.1738087210334,Unlimited R&D,Annual Improvement,908,pv-elicitation-5,33,4,Kerf Loss
0.90,28.6233793392639,Unlimited R&D,Annual Improvement,908,pv-elicitation-5,33,4,Kerf Loss
0,52.1969623276761,Status Quo,Direct Value,908,pv-elicitation-5,33,4,Kerf Loss
1,80.0062552766516,Status Quo,Direct Value,908,pv-elicitation-5,33,4,Kerf Loss
0.10,59.9586605089573,Status Quo,Direct Value,908,pv-elicitation-5,33,4,Kerf Loss
0.50,67.8006050867458,Status Quo,Direct Value,908,pv-elicitation-5,33,4,Kerf Loss
0.90,76.9762875374348,Status Quo,Direct Value,908,pv-elicitation-5,33,4,Kerf Loss
0,35.044776119403,x5 R&D,Direct Value,908,pv-elicitation-5,33,4,Kerf Loss
1,70.0298507462687,x5 R&D,Direct Value,908,pv-elicitation-5,33,4,Kerf Loss
0.10,41.2063265760748,x5 R&D,Direct Value,908,pv-elicitation-5,33,4,Kerf Loss
0.50,50.0831365560258,x5 R&D,Direct Value,908,pv-elicitation-5,33,4,Kerf Loss
0.90,65.0170639340611,x5 R&D,Direct Value,908,pv-elicitation-5,33,4,Kerf Loss
0,-0.0614836266429037,Unlimited R&D,Direct Value,908,pv-elicitation-5,33,4,Kerf Loss
1,59.9244572051352,Unlimited R&D,Direct Value,908,pv-elicitation-5,33,4,Kerf Loss
0.10,10.2942945555086,Unlimited R&D,Direct Value,908,pv-elicitation-5,33,4,Kerf Loss
0.50,30.0657836717053,Unlimited R&D,Direct Value,908,pv-elicitation-5,33,4,Kerf Loss
0.90,50.9414843131611,Unlimited R&D,Direct Value,908,pv-elicitation-5,33,4,Kerf Loss
0,4.90794163510804,Status Quo,Annual Improvement,702,pv-elicitation-5,34,1,Kerf Loss
1,29.8547003787035,Status Quo,Annual Improvement,702,pv-elicitation-5,34,1,Kerf Loss
0.10,9.63665560590897,Status Quo,Annual Improvement,702,pv-elicitation-5,34,1,Kerf Loss
0.50,11.3816887977281,Status Quo,Annual Improvement,702,pv-elicitation-5,34,1,Kerf Loss
0.90,24.7536467251623,Status Quo,Annual Improvement,702,pv-elicitation-5,34,1,Kerf Loss
0,9.75,x5 R&D,Annual Improvement,702,pv-elicitation-5,34,1,Kerf Loss
1,39.6679104477612,x5 R&D,Annual Improvement,702,pv-elicitation-5,34,1,Kerf Loss
0.10,14.8405101358877,x5 R&D,Annual Improvement,702,pv-elicitation-5,34,1,Kerf Loss
0.50,20.0203274671419,x5 R&D,Annual Improvement,702,pv-elicitation-5,34,1,Kerf Loss
0.90,29.4868901759858,x5 R&D,Annual Improvement,702,pv-elicitation-5,34,1,Kerf Loss
0,19.9589552238806,Unlimited R&D,Annual Improvement,702,pv-elicitation-5,34,1,Kerf Loss
1,39.9514925373134,Unlimited R&D,Annual Improvement,702,pv-elicitation-5,34,1,Kerf Loss
0.10,21.4509356204054,Unlimited R&D,Annual Improvement,702,pv-elicitation-5,34,1,Kerf Loss
0.50,29.9253842726665,Unlimited R&D,Annual Improvement,702,pv-elicitation-5,34,1,Kerf Loss
0.90,34.93843840499,Unlimited R&D,Annual Improvement,702,pv-elicitation-5,34,1,Kerf Loss
0,59.9253731343284,Status Quo,Direct Value,702,pv-elicitation-5,34,1,Kerf Loss
1,96.1940298507463,Status Quo,Direct Value,702,pv-elicitation-5,34,1,Kerf Loss
0.10,69.885720650479,Status Quo,Direct Value,702,pv-elicitation-5,34,1,Kerf Loss
0.50,83.0940075740699,Status Quo,Direct Value,702,pv-elicitation-5,34,1,Kerf Loss
0.90,85.2593005123636,Status Quo,Direct Value,702,pv-elicitation-5,34,1,Kerf Loss
0,50.078413900646,x5 R&D,Direct Value,702,pv-elicitation-5,34,1,Kerf Loss
1,89.6707879626151,x5 R&D,Direct Value,702,pv-elicitation-5,34,1,Kerf Loss
0.10,59.9331686321473,x5 R&D,Direct Value,702,pv-elicitation-5,34,1,Kerf Loss
0.50,69.5515581947017,x5 R&D,Direct Value,702,pv-elicitation-5,34,1,Kerf Loss
0.90,79.5520763762872,x5 R&D,Direct Value,702,pv-elicitation-5,34,1,Kerf Loss
0,40.0746268656716,Unlimited R&D,Direct Value,702,pv-elicitation-5,34,1,Kerf Loss
1,79.5881042548452,Unlimited R&D,Direct Value,702,pv-elicitation-5,34,1,Kerf Loss
0.10,49.6660726219648,Unlimited R&D,Direct Value,702,pv-elicitation-5,34,1,Kerf Loss
0.50,53.0271775451103,Unlimited R&D,Direct Value,702,pv-elicitation-5,34,1,Kerf Loss
0.90,72.1280908888394,Unlimited R&D,Direct Value,702,pv-elicitation-5,34,1,Kerf Loss
0,11.9878706192996,Status Quo,Annual Improvement,776,pv-elicitation-5,35,1,Kerf Loss
1,24.7698800891367,Status Quo,Annual Improvement,776,pv-elicitation-5,35,1,Kerf Loss
0.10,14.1817976178537,Status Quo,Annual Improvement,776,pv-elicitation-5,35,1,Kerf Loss
0.50,15.8564554816957,Status Quo,Annual Improvement,776,pv-elicitation-5,35,1,Kerf Loss
0.90,18.9130488843009,Status Quo,Annual Improvement,776,pv-elicitation-5,35,1,Kerf Loss
0,12.0957125076845,x5 R&D,Annual Improvement,776,pv-elicitation-5,35,1,Kerf Loss
1,25.761827353707,x5 R&D,Annual Improvement,776,pv-elicitation-5,35,1,Kerf Loss
0.10,17.9425554572714,x5 R&D,Annual Improvement,776,pv-elicitation-5,35,1,Kerf Loss
0.50,18.9639918761752,x5 R&D,Annual Improvement,776,pv-elicitation-5,35,1,Kerf Loss
0.90,20.8542362835718,x5 R&D,Annual Improvement,776,pv-elicitation-5,35,1,Kerf Loss
0,14.0198079551009,Unlimited R&D,Annual Improvement,776,pv-elicitation-5,35,1,Kerf Loss
1,25.8429311451209,Unlimited R&D,Annual Improvement,776,pv-elicitation-5,35,1,Kerf Loss
0.10,19.0137540189452,Unlimited R&D,Annual Improvement,776,pv-elicitation-5,35,1,Kerf Loss
0.50,20.8886895994521,Unlimited R&D,Annual Improvement,776,pv-elicitation-5,35,1,Kerf Loss
0.90,22.8253877637874,Unlimited R&D,Annual Improvement,776,pv-elicitation-5,35,1,Kerf Loss
0,69.9534413798815,Status Quo,Direct Value,776,pv-elicitation-5,35,1,Kerf Loss
1,89.8081816988568,Status Quo,Direct Value,776,pv-elicitation-5,35,1,Kerf Loss
0.10,73.8354876213527,Status Quo,Direct Value,776,pv-elicitation-5,35,1,Kerf Loss
0.50,77.5832550686892,Status Quo,Direct Value,776,pv-elicitation-5,35,1,Kerf Loss
0.90,81.1847049334511,Status Quo,Direct Value,776,pv-elicitation-5,35,1,Kerf Loss
0,67.5570763608596,x5 R&D,Direct Value,776,pv-elicitation-5,35,1,Kerf Loss
1,89.2264200686799,x5 R&D,Direct Value,776,pv-elicitation-5,35,1,Kerf Loss
0.10,69.9827491639738,x5 R&D,Direct Value,776,pv-elicitation-5,35,1,Kerf Loss
0.50,73.8628149519552,x5 R&D,Direct Value,776,pv-elicitation-5,35,1,Kerf Loss
0.90,78.3917482147697,x5 R&D,Direct Value,776,pv-elicitation-5,35,1,Kerf Loss
0,67.352432127926,Unlimited R&D,Direct Value,776,pv-elicitation-5,35,1,Kerf Loss
1,89.0338008539173,Unlimited R&D,Direct Value,776,pv-elicitation-5,35,1,Kerf Loss
0.10,69.2616869858864,Unlimited R&D,Direct Value,776,pv-elicitation-5,35,1,Kerf Loss
0.50,72.3298433625029,Unlimited R&D,Direct Value,776,pv-elicitation-5,35,1,Kerf Loss
0.90,76.9634269213878,Unlimited R&D,Direct Value,776,pv-elicitation-5,35,1,Kerf Loss
0,2.05297535903737,Status Quo,Annual Improvement,720,pv-elicitation-5,36,4,Kerf Loss
1,19.8893932694851,Status Quo,Annual Improvement,720,pv-elicitation-5,36,4,Kerf Loss
0.10,3.25094372615699,Status Quo,Annual Improvement,720,pv-elicitation-5,36,4,Kerf Loss
0.50,4.50907698680107,Status Quo,Annual Improvement,720,pv-elicitation-5,36,4,Kerf Loss
0.90,16.6149463993582,Status Quo,Annual Improvement,720,pv-elicitation-5,36,4,Kerf Loss
0,3.60316025545082,x5 R&D,Annual Improvement,720,pv-elicitation-5,36,4,Kerf Loss
1,24.479145213707,x5 R&D,Annual Improvement,720,pv-elicitation-5,36,4,Kerf Loss
0.10,5.7123918963109,x5 R&D,Annual Improvement,720,pv-elicitation-5,36,4,Kerf Loss
0.50,9.42139883769311,x5 R&D,Annual Improvement,720,pv-elicitation-5,36,4,Kerf Loss
0.90,20.5310962449176,x5 R&D,Annual Improvement,720,pv-elicitation-5,36,4,Kerf Loss
0,5.19958707656911,Unlimited R&D,Annual Improvement,720,pv-elicitation-5,36,4,Kerf Loss
1,46.4634425613334,Unlimited R&D,Annual Improvement,720,pv-elicitation-5,36,4,Kerf Loss
0.10,8.84805035410658,Unlimited R&D,Annual Improvement,720,pv-elicitation-5,36,4,Kerf Loss
0.50,12.4016734641453,Unlimited R&D,Annual Improvement,720,pv-elicitation-5,36,4,Kerf Loss
0.90,25.2304168599981,Unlimited R&D,Annual Improvement,720,pv-elicitation-5,36,4,Kerf Loss
0,0.906131152673771,Status Quo,Direct Value,720,pv-elicitation-5,36,4,Kerf Loss
1,29.5821720732866,Status Quo,Direct Value,720,pv-elicitation-5,36,4,Kerf Loss
0.10,4.71805200012683,Status Quo,Direct Value,720,pv-elicitation-5,36,4,Kerf Loss
0.50,9.15027929208052,Status Quo,Direct Value,720,pv-elicitation-5,36,4,Kerf Loss
0.90,19.5325625663649,Status Quo,Direct Value,720,pv-elicitation-5,36,4,Kerf Loss
0,7.61672108208955,x5 R&D,Direct Value,720,pv-elicitation-5,36,4,Kerf Loss
1,44.9898554104478,x5 R&D,Direct Value,720,pv-elicitation-5,36,4,Kerf Loss
0.10,10.772802962798,x5 R&D,Direct Value,720,pv-elicitation-5,36,4,Kerf Loss
0.50,15.346828358209,x5 R&D,Direct Value,720,pv-elicitation-5,36,4,Kerf Loss
0.90,34.9816690799733,x5 R&D,Direct Value,720,pv-elicitation-5,36,4,Kerf Loss
0,15.139109141791,Unlimited R&D,Direct Value,720,pv-elicitation-5,36,4,Kerf Loss
1,74.8406016791045,Unlimited R&D,Direct Value,720,pv-elicitation-5,36,4,Kerf Loss
0.10,20.1807734879706,Unlimited R&D,Direct Value,720,pv-elicitation-5,36,4,Kerf Loss
0.50,41.3881693445088,Unlimited R&D,Direct Value,720,pv-elicitation-5,36,4,Kerf Loss
0.90,65.090552948875,Unlimited R&D,Direct Value,720,pv-elicitation-5,36,4,Kerf Loss
0,1.99662250402844,Status Quo,Annual Improvement,583,pv-elicitation-5,38,2,Kerf Loss
1,5.9050987347219,Status Quo,Annual Improvement,583,pv-elicitation-5,38,2,Kerf Loss
0.10,2.72581583065035,Status Quo,Annual Improvement,583,pv-elicitation-5,38,2,Kerf Loss
0.50,3.95414198934497,Status Quo,Annual Improvement,583,pv-elicitation-5,38,2,Kerf Loss
0.90,4.96589773003288,Status Quo,Annual Improvement,583,pv-elicitation-5,38,2,Kerf Loss
0,4.97143016261974,x5 R&D,Annual Improvement,583,pv-elicitation-5,38,2,Kerf Loss
1,9.94893176195738,x5 R&D,Annual Improvement,583,pv-elicitation-5,38,2,Kerf Loss
0.10,6.15717007240959,x5 R&D,Annual Improvement,583,pv-elicitation-5,38,2,Kerf Loss
0.50,7.41538996294897,x5 R&D,Annual Improvement,583,pv-elicitation-5,38,2,Kerf Loss
0.90,8.58077032758446,x5 R&D,Annual Improvement,583,pv-elicitation-5,38,2,Kerf Loss
0,10.1044776119403,Unlimited R&D,Annual Improvement,583,pv-elicitation-5,38,2,Kerf Loss
1,19.3208955223881,Unlimited R&D,Annual Improvement,583,pv-elicitation-5,38,2,Kerf Loss
0.10,12.1265872131878,Unlimited R&D,Annual Improvement,583,pv-elicitation-5,38,2,Kerf Loss
0.50,15.0703386054801,Unlimited R&D,Annual Improvement,583,pv-elicitation-5,38,2,Kerf Loss
0.90,17.8490198262419,Unlimited R&D,Annual Improvement,583,pv-elicitation-5,38,2,Kerf Loss
0,75.1372213585537,Status Quo,Direct Value,583,pv-elicitation-5,38,2,Kerf Loss
1,99.9037653798294,Status Quo,Direct Value,583,pv-elicitation-5,38,2,Kerf Loss
0.10,77.9454055243989,Status Quo,Direct Value,583,pv-elicitation-5,38,2,Kerf Loss
0.50,87.6429399021326,Status Quo,Direct Value,583,pv-elicitation-5,38,2,Kerf Loss
0.90,97.0932709020419,Status Quo,Direct Value,583,pv-elicitation-5,38,2,Kerf Loss
0,70,x5 R&D,Direct Value,583,pv-elicitation-5,38,2,Kerf Loss
1,89.8507462686567,x5 R&D,Direct Value,583,pv-elicitation-5,38,2,Kerf Loss
0.10,75.0071285364224,x5 R&D,Direct Value,583,pv-elicitation-5,38,2,Kerf Loss
0.50,79.9846290933393,x5 R&D,Direct Value,583,pv-elicitation-5,38,2,Kerf Loss
0.90,84.9028736912453,x5 R&D,Direct Value,583,pv-elicitation-5,38,2,Kerf Loss
0,30,Unlimited R&D,Direct Value,583,pv-elicitation-5,38,2,Kerf Loss
1,69.8507462686567,Unlimited R&D,Direct Value,583,pv-elicitation-5,38,2,Kerf Loss
0.10,40.0519046558254,Unlimited R&D,Direct Value,583,pv-elicitation-5,38,2,Kerf Loss
0.50,50.0443305858766,Unlimited R&D,Direct Value,583,pv-elicitation-5,38,2,Kerf Loss
0.90,59.9177990643796,Unlimited R&D,Direct Value,583,pv-elicitation-5,38,2,Kerf Loss
0,5.12618251262548,Status Quo,Annual Improvement,607,pv-elicitation-5,39,3,Kerf Loss
1,24.7891523676761,Status Quo,Annual Improvement,607,pv-elicitation-5,39,3,Kerf Loss
0.10,6.97508863332427,Status Quo,Annual Improvement,607,pv-elicitation-5,39,3,Kerf Loss
0.50,9.95388182778343,Status Quo,Annual Improvement,607,pv-elicitation-5,39,3,Kerf Loss
0.90,14.8989720077477,Status Quo,Annual Improvement,607,pv-elicitation-5,39,3,Kerf Loss
0,7.90287369124527,x5 R&D,Annual Improvement,607,pv-elicitation-5,39,3,Kerf Loss
1,39.9865003341501,x5 R&D,Annual Improvement,607,pv-elicitation-5,39,3,Kerf Loss
0.10,11.5900964546836,x5 R&D,Annual Improvement,607,pv-elicitation-5,39,3,Kerf Loss
0.50,14.8209056861216,x5 R&D,Annual Improvement,607,pv-elicitation-5,39,3,Kerf Loss
0.90,30.1698683016195,x5 R&D,Annual Improvement,607,pv-elicitation-5,39,3,Kerf Loss
0,20.0074626865672,Unlimited R&D,Annual Improvement,607,pv-elicitation-5,39,3,Kerf Loss
1,65.0819671967629,Unlimited R&D,Annual Improvement,607,pv-elicitation-5,39,3,Kerf Loss
0.10,25.8073454763385,Unlimited R&D,Annual Improvement,607,pv-elicitation-5,39,3,Kerf Loss
0.50,39.4038325276048,Unlimited R&D,Annual Improvement,607,pv-elicitation-5,39,3,Kerf Loss
0.90,50.1633935274618,Unlimited R&D,Annual Improvement,607,pv-elicitation-5,39,3,Kerf Loss
0,44.4489747533152,Status Quo,Direct Value,607,pv-elicitation-5,39,3,Kerf Loss
1,69.72249469672,Status Quo,Direct Value,607,pv-elicitation-5,39,3,Kerf Loss
0.10,50.1158340899945,Status Quo,Direct Value,607,pv-elicitation-5,39,3,Kerf Loss
0.50,54.9119229988129,Status Quo,Direct Value,607,pv-elicitation-5,39,3,Kerf Loss
0.90,65.0248190408358,Status Quo,Direct Value,607,pv-elicitation-5,39,3,Kerf Loss
0,29.8408139153336,x5 R&D,Direct Value,607,pv-elicitation-5,39,3,Kerf Loss
1,61.8243211094918,x5 R&D,Direct Value,607,pv-elicitation-5,39,3,Kerf Loss
0.10,32.752745167339,x5 R&D,Direct Value,607,pv-elicitation-5,39,3,Kerf Loss
0.50,44.6451201371072,x5 R&D,Direct Value,607,pv-elicitation-5,39,3,Kerf Loss
0.90,54.5206246905273,x5 R&D,Direct Value,607,pv-elicitation-5,39,3,Kerf Loss
0,1.41044776119403,Unlimited R&D,Direct Value,607,pv-elicitation-5,39,3,Kerf Loss
1,39.9626865671642,Unlimited R&D,Direct Value,607,pv-elicitation-5,39,3,Kerf Loss
0.10,19.650835375362,Unlimited R&D,Direct Value,607,pv-elicitation-5,39,3,Kerf Loss
0.50,29.9506126085988,Unlimited R&D,Direct Value,607,pv-elicitation-5,39,3,Kerf Loss
0.90,36.68286923591,Unlimited R&D,Direct Value,607,pv-elicitation-5,39,3,Kerf Loss
0,14.4328358208955,Status Quo,Annual Improvement,663,pv-elicitation-5,40,3,Kerf Loss
1,24.1044776119403,Status Quo,Annual Improvement,663,pv-elicitation-5,40,3,Kerf Loss
0.10,15.8619291601693,Status Quo,Annual Improvement,663,pv-elicitation-5,40,3,Kerf Loss
0.50,18.575762976164,Status Quo,Annual Improvement,663,pv-elicitation-5,40,3,Kerf Loss
0.90,23.4548897304522,Status Quo,Annual Improvement,663,pv-elicitation-5,40,3,Kerf Loss
0,21.1492537313433,x5 R&D,Annual Improvement,663,pv-elicitation-5,40,3,Kerf Loss
1,49.6268656716418,x5 R&D,Annual Improvement,663,pv-elicitation-5,40,3,Kerf Loss
0.10,25.527155268434,x5 R&D,Annual Improvement,663,pv-elicitation-5,40,3,Kerf Loss
0.50,32.8378257963912,x5 R&D,Annual Improvement,663,pv-elicitation-5,40,3,Kerf Loss
0.90,45.6740031187347,x5 R&D,Annual Improvement,663,pv-elicitation-5,40,3,Kerf Loss
0,20.2089552238806,Unlimited R&D,Annual Improvement,663,pv-elicitation-5,40,3,Kerf Loss
1,79.7164179104478,Unlimited R&D,Annual Improvement,663,pv-elicitation-5,40,3,Kerf Loss
0.10,30.600556916908,Unlimited R&D,Annual Improvement,663,pv-elicitation-5,40,3,Kerf Loss
0.50,59.0220316328804,Unlimited R&D,Annual Improvement,663,pv-elicitation-5,40,3,Kerf Loss
0.90,70.2129873022945,Unlimited R&D,Annual Improvement,663,pv-elicitation-5,40,3,Kerf Loss
0,70.1492537313433,Status Quo,Direct Value,663,pv-elicitation-5,40,3,Kerf Loss
1,90,Status Quo,Direct Value,663,pv-elicitation-5,40,3,Kerf Loss
0.10,73.9712630875474,Status Quo,Direct Value,663,pv-elicitation-5,40,3,Kerf Loss
0.50,80.0746268656716,Status Quo,Direct Value,663,pv-elicitation-5,40,3,Kerf Loss
0.90,87.0668300289597,Status Quo,Direct Value,663,pv-elicitation-5,40,3,Kerf Loss
0,49.7014925373134,x5 R&D,Direct Value,663,pv-elicitation-5,40,3,Kerf Loss
1,90,x5 R&D,Direct Value,663,pv-elicitation-5,40,3,Kerf Loss
0.10,55.1748719091112,x5 R&D,Direct Value,663,pv-elicitation-5,40,3,Kerf Loss
0.50,60.1069280463355,x5 R&D,Direct Value,663,pv-elicitation-5,40,3,Kerf Loss
0.90,78.9930942303408,x5 R&D,Direct Value,663,pv-elicitation-5,40,3,Kerf Loss
0,1.94029850746269,Unlimited R&D,Direct Value,663,pv-elicitation-5,40,3,Kerf Loss
1,50.7462686567164,Unlimited R&D,Direct Value,663,pv-elicitation-5,40,3,Kerf Loss
0.10,9.88037424816217,Unlimited R&D,Direct Value,663,pv-elicitation-5,40,3,Kerf Loss
0.50,19.2044998886166,Unlimited R&D,Direct Value,663,pv-elicitation-5,40,3,Kerf Loss
0.90,43.0975718422811,Unlimited R&D,Direct Value,663,pv-elicitation-5,40,3,Kerf Loss
0,6.07161505903319,Status Quo,Annual Improvement,888,pv-elicitation-6,45,1,Kerf Loss
1,11.9215770112898,Status Quo,Annual Improvement,888,pv-elicitation-6,45,1,Kerf Loss
0.10,7.0301466046618,Status Quo,Annual Improvement,888,pv-elicitation-6,45,1,Kerf Loss
0.50,7.9526615934948,Status Quo,Annual Improvement,888,pv-elicitation-6,45,1,Kerf Loss
0.90,9.98132144027781,Status Quo,Annual Improvement,888,pv-elicitation-6,45,1,Kerf Loss
0,7.97737135219425,x5 R&D,Annual Improvement,888,pv-elicitation-6,45,1,Kerf Loss
1,20.2206148362664,x5 R&D,Annual Improvement,888,pv-elicitation-6,45,1,Kerf Loss
0.10,11.0655924698184,x5 R&D,Annual Improvement,888,pv-elicitation-6,45,1,Kerf Loss
0.50,15.0829067380296,x5 R&D,Annual Improvement,888,pv-elicitation-6,45,1,Kerf Loss
0.90,18.0826156009882,x5 R&D,Annual Improvement,888,pv-elicitation-6,45,1,Kerf Loss
0,10.0224754108717,Unlimited R&D,Annual Improvement,888,pv-elicitation-6,45,1,Kerf Loss
1,29.7795006300642,Unlimited R&D,Annual Improvement,888,pv-elicitation-6,45,1,Kerf Loss
0.10,14.4162019148414,Unlimited R&D,Annual Improvement,888,pv-elicitation-6,45,1,Kerf Loss
0.50,19.9194180813067,Unlimited R&D,Annual Improvement,888,pv-elicitation-6,45,1,Kerf Loss
0.90,24.796012179253,Unlimited R&D,Annual Improvement,888,pv-elicitation-6,45,1,Kerf Loss
0,50.089552238806,Status Quo,Direct Value,888,pv-elicitation-6,45,1,Kerf Loss
1,70.0298507462687,Status Quo,Direct Value,888,pv-elicitation-6,45,1,Kerf Loss
0.10,54.9704611271998,Status Quo,Direct Value,888,pv-elicitation-6,45,1,Kerf Loss
0.50,60.0299398529739,Status Quo,Direct Value,888,pv-elicitation-6,45,1,Kerf Loss
0.90,64.9703720204945,Status Quo,Direct Value,888,pv-elicitation-6,45,1,Kerf Loss
0,34.910581421252,x5 R&D,Direct Value,888,pv-elicitation-6,45,1,Kerf Loss
1,59.7886436828998,x5 R&D,Direct Value,888,pv-elicitation-6,45,1,Kerf Loss
0.10,39.9839022752134,x5 R&D,Direct Value,888,pv-elicitation-6,45,1,Kerf Loss
0.50,45.0384330519379,x5 R&D,Direct Value,888,pv-elicitation-6,45,1,Kerf Loss
0.90,50.1305439831362,x5 R&D,Direct Value,888,pv-elicitation-6,45,1,Kerf Loss
0,15.2238805970149,Unlimited R&D,Direct Value,888,pv-elicitation-6,45,1,Kerf Loss
1,50.2089552238806,Unlimited R&D,Direct Value,888,pv-elicitation-6,45,1,Kerf Loss
0.10,20.1322343506349,Unlimited R&D,Direct Value,888,pv-elicitation-6,45,1,Kerf Loss
0.50,30.1578079750501,Unlimited R&D,Direct Value,888,pv-elicitation-6,45,1,Kerf Loss
0.90,40.0789485408777,Unlimited R&D,Direct Value,888,pv-elicitation-6,45,1,Kerf Loss
0,0.526326728242147,Status Quo,Annual Improvement,748,pv-elicitation-6,46,3,Kerf Loss
1,4.93415092365983,Status Quo,Annual Improvement,748,pv-elicitation-6,46,3,Kerf Loss
0.10,0.975120400958079,Status Quo,Annual Improvement,748,pv-elicitation-6,46,3,Kerf Loss
0.50,1.98838043252711,Status Quo,Annual Improvement,748,pv-elicitation-6,46,3,Kerf Loss
0.90,3.01553753592888,Status Quo,Annual Improvement,748,pv-elicitation-6,46,3,Kerf Loss
0,0.935869829572006,x5 R&D,Annual Improvement,748,pv-elicitation-6,46,3,Kerf Loss
1,9.89584801656648,x5 R&D,Annual Improvement,748,pv-elicitation-6,46,3,Kerf Loss
0.10,1.64506213289895,x5 R&D,Annual Improvement,748,pv-elicitation-6,46,3,Kerf Loss
0.50,2.6121045547602,x5 R&D,Annual Improvement,748,pv-elicitation-6,46,3,Kerf Loss
0.90,4.88135276163426,x5 R&D,Annual Improvement,748,pv-elicitation-6,46,3,Kerf Loss
0,1.76745918522494,Unlimited R&D,Annual Improvement,748,pv-elicitation-6,46,3,Kerf Loss
1,99.5381970199188,Unlimited R&D,Annual Improvement,748,pv-elicitation-6,46,3,Kerf Loss
0.10,40.1461219472018,Unlimited R&D,Annual Improvement,748,pv-elicitation-6,46,3,Kerf Loss
0.50,80.1254157250358,Unlimited R&D,Annual Improvement,748,pv-elicitation-6,46,3,Kerf Loss
0.90,92.0959468265316,Unlimited R&D,Annual Improvement,748,pv-elicitation-6,46,3,Kerf Loss
0,70.3208955223881,Status Quo,Direct Value,748,pv-elicitation-6,46,3,Kerf Loss
1,89.7776009334667,Status Quo,Direct Value,748,pv-elicitation-6,46,3,Kerf Loss
0.10,74.9963127928114,Status Quo,Direct Value,748,pv-elicitation-6,46,3,Kerf Loss
0.50,79.993890997047,Status Quo,Direct Value,748,pv-elicitation-6,46,3,Kerf Loss
0.90,84.9279445101083,Status Quo,Direct Value,748,pv-elicitation-6,46,3,Kerf Loss
0,60.3805970149254,x5 R&D,Direct Value,748,pv-elicitation-6,46,3,Kerf Loss
1,88.3208955223881,x5 R&D,Direct Value,748,pv-elicitation-6,46,3,Kerf Loss
0.10,70.0971485854311,x5 R&D,Direct Value,748,pv-elicitation-6,46,3,Kerf Loss
0.50,75.2264869681444,x5 R&D,Direct Value,748,pv-elicitation-6,46,3,Kerf Loss
0.90,83.3583648919581,x5 R&D,Direct Value,748,pv-elicitation-6,46,3,Kerf Loss
0,0.0390955669414126,Unlimited R&D,Direct Value,748,pv-elicitation-6,46,3,Kerf Loss
1,79.344152372466,Unlimited R&D,Direct Value,748,pv-elicitation-6,46,3,Kerf Loss
0.10,1.6962161569076,Unlimited R&D,Direct Value,748,pv-elicitation-6,46,3,Kerf Loss
0.50,50.0412297972158,Unlimited R&D,Direct Value,748,pv-elicitation-6,46,3,Kerf Loss
0.90,68.4545027812597,Unlimited R&D,Direct Value,748,pv-elicitation-6,46,3,Kerf Loss
0,1.91145622965591,Status Quo,Annual Improvement,839,pv-elicitation-6,47,4,Kerf Loss
1,7.95808050658672,Status Quo,Annual Improvement,839,pv-elicitation-6,47,4,Kerf Loss
0.10,3.03955777385942,Status Quo,Annual Improvement,839,pv-elicitation-6,47,4,Kerf Loss
0.50,6.56600320103959,Status Quo,Annual Improvement,839,pv-elicitation-6,47,4,Kerf Loss
0.90,7.06462408357754,Status Quo,Annual Improvement,839,pv-elicitation-6,47,4,Kerf Loss
0,3.98079587949474,x5 R&D,Annual Improvement,839,pv-elicitation-6,47,4,Kerf Loss
1,11.8695646190655,x5 R&D,Annual Improvement,839,pv-elicitation-6,47,4,Kerf Loss
0.10,6.00399303468637,x5 R&D,Annual Improvement,839,pv-elicitation-6,47,4,Kerf Loss
0.50,9.89737243417279,x5 R&D,Annual Improvement,839,pv-elicitation-6,47,4,Kerf Loss
0.90,11.3425132593097,x5 R&D,Annual Improvement,839,pv-elicitation-6,47,4,Kerf Loss
0,5.9204597946685,Unlimited R&D,Annual Improvement,839,pv-elicitation-6,47,4,Kerf Loss
1,15.932288940253,Unlimited R&D,Annual Improvement,839,pv-elicitation-6,47,4,Kerf Loss
0.10,7.45959173794492,Unlimited R&D,Annual Improvement,839,pv-elicitation-6,47,4,Kerf Loss
0.50,13.096382298409,Unlimited R&D,Annual Improvement,839,pv-elicitation-6,47,4,Kerf Loss
0.90,13.8552079682586,Unlimited R&D,Annual Improvement,839,pv-elicitation-6,47,4,Kerf Loss
0,80.0606848006123,Status Quo,Direct Value,839,pv-elicitation-6,47,4,Kerf Loss
1,99.8935757330821,Status Quo,Direct Value,839,pv-elicitation-6,47,4,Kerf Loss
0.10,84.9449042093549,Status Quo,Direct Value,839,pv-elicitation-6,47,4,Kerf Loss
0.50,89.9632546435269,Status Quo,Direct Value,839,pv-elicitation-6,47,4,Kerf Loss
0.90,94.8317483458398,Status Quo,Direct Value,839,pv-elicitation-6,47,4,Kerf Loss
0,69.9869046903073,x5 R&D,Direct Value,839,pv-elicitation-6,47,4,Kerf Loss
1,89.6978563012531,x5 R&D,Direct Value,839,pv-elicitation-6,47,4,Kerf Loss
0.10,74.9295300187318,x5 R&D,Direct Value,839,pv-elicitation-6,47,4,Kerf Loss
0.50,79.9289136575919,x5 R&D,Direct Value,839,pv-elicitation-6,47,4,Kerf Loss
0.90,84.8147806755808,x5 R&D,Direct Value,839,pv-elicitation-6,47,4,Kerf Loss
0,49.9947134454704,Unlimited R&D,Direct Value,839,pv-elicitation-6,47,4,Kerf Loss
1,84.5076023314038,Unlimited R&D,Direct Value,839,pv-elicitation-6,47,4,Kerf Loss
0.10,55.6130907059711,Unlimited R&D,Direct Value,839,pv-elicitation-6,47,4,Kerf Loss
0.50,59.7296807411483,Unlimited R&D,Direct Value,839,pv-elicitation-6,47,4,Kerf Loss
0.90,79.2905377323674,Unlimited R&D,Direct Value,839,pv-elicitation-6,47,4,Kerf Loss
0,2.34775117992521,Status Quo,Annual Improvement,637,pv-elicitation-6,48,2,Kerf Loss
1,6.12307834577367,Status Quo,Annual Improvement,637,pv-elicitation-6,48,2,Kerf Loss
0.10,3.31642065011001,Status Quo,Annual Improvement,637,pv-elicitation-6,48,2,Kerf Loss
0.50,4.6731788503368,Status Quo,Annual Improvement,637,pv-elicitation-6,48,2,Kerf Loss
0.90,5.50213637770649,Status Quo,Annual Improvement,637,pv-elicitation-6,48,2,Kerf Loss
0,6.17226544353256,x5 R&D,Annual Improvement,637,pv-elicitation-6,48,2,Kerf Loss
1,7.497486138086,x5 R&D,Annual Improvement,637,pv-elicitation-6,48,2,Kerf Loss
0.10,6.52603198487521,x5 R&D,Annual Improvement,637,pv-elicitation-6,48,2,Kerf Loss
0.50,6.78321423380947,x5 R&D,Annual Improvement,637,pv-elicitation-6,48,2,Kerf Loss
0.90,6.98649002281327,x5 R&D,Annual Improvement,637,pv-elicitation-6,48,2,Kerf Loss
0,9.20519690159192,Unlimited R&D,Annual Improvement,637,pv-elicitation-6,48,2,Kerf Loss
1,13.9976919235632,Unlimited R&D,Annual Improvement,637,pv-elicitation-6,48,2,Kerf Loss
0.10,9.39510793415986,Unlimited R&D,Annual Improvement,637,pv-elicitation-6,48,2,Kerf Loss
0.50,10.1191679216147,Unlimited R&D,Annual Improvement,637,pv-elicitation-6,48,2,Kerf Loss
0.90,11.5553071828693,Unlimited R&D,Annual Improvement,637,pv-elicitation-6,48,2,Kerf Loss
0,113.624252496918,Status Quo,Direct Value,637,pv-elicitation-6,48,2,Kerf Loss
1,116.857560061707,Status Quo,Direct Value,637,pv-elicitation-6,48,2,Kerf Loss
0.10,115.08891318866,Status Quo,Direct Value,637,pv-elicitation-6,48,2,Kerf Loss
0.50,115.693948983767,Status Quo,Direct Value,637,pv-elicitation-6,48,2,Kerf Loss
0.90,116.705566971054,Status Quo,Direct Value,637,pv-elicitation-6,48,2,Kerf Loss
0,100.191047207192,x5 R&D,Direct Value,637,pv-elicitation-6,48,2,Kerf Loss
1,109.862688998237,x5 R&D,Direct Value,637,pv-elicitation-6,48,2,Kerf Loss
0.10,100.465317646043,x5 R&D,Direct Value,637,pv-elicitation-6,48,2,Kerf Loss
0.50,104.344800827152,x5 R&D,Direct Value,637,pv-elicitation-6,48,2,Kerf Loss
0.90,108.953265964154,x5 R&D,Direct Value,637,pv-elicitation-6,48,2,Kerf Loss
0,79.7731332351912,Unlimited R&D,Direct Value,637,pv-elicitation-6,48,2,Kerf Loss
1,99.6537302501166,Unlimited R&D,Direct Value,637,pv-elicitation-6,48,2,Kerf Loss
0.10,80.2419588921356,Unlimited R&D,Direct Value,637,pv-elicitation-6,48,2,Kerf Loss
0.50,87.1259865152143,Unlimited R&D,Direct Value,637,pv-elicitation-6,48,2,Kerf Loss
0.90,99.0543447241695,Unlimited R&D,Direct Value,637,pv-elicitation-6,48,2,Kerf Loss
0,6.02835820895522,Status Quo,Annual Improvement,816,pv-elicitation-6,49,4,Kerf Loss
1,9.24865417480469,Status Quo,Annual Improvement,816,pv-elicitation-6,49,4,Kerf Loss
0.10,6.2754076040506,Status Quo,Annual Improvement,816,pv-elicitation-6,49,4,Kerf Loss
0.50,7.00598221122839,Status Quo,Annual Improvement,816,pv-elicitation-6,49,4,Kerf Loss
0.90,9.05351367608193,Status Quo,Annual Improvement,816,pv-elicitation-6,49,4,Kerf Loss
0,14.8008929807748,x5 R&D,Annual Improvement,816,pv-elicitation-6,49,4,Kerf Loss
1,25.0725347718196,x5 R&D,Annual Improvement,816,pv-elicitation-6,49,4,Kerf Loss
0.10,24.204810441175,x5 R&D,Annual Improvement,816,pv-elicitation-6,49,4,Kerf Loss
0.50,17.0606536133737,x5 R&D,Annual Improvement,816,pv-elicitation-6,49,4,Kerf Loss
0.90,17.0606536133737,x5 R&D,Annual Improvement,816,pv-elicitation-6,49,4,Kerf Loss
0,30.0695496971928,Unlimited R&D,Annual Improvement,816,pv-elicitation-6,49,4,Kerf Loss
1,49.7799974583868,Unlimited R&D,Annual Improvement,816,pv-elicitation-6,49,4,Kerf Loss
0.10,48.1737419814027,Unlimited R&D,Annual Improvement,816,pv-elicitation-6,49,4,Kerf Loss
0.50,32.7584067174241,Unlimited R&D,Annual Improvement,816,pv-elicitation-6,49,4,Kerf Loss
0.90,32.7584067174241,Unlimited R&D,Annual Improvement,816,pv-elicitation-6,49,4,Kerf Loss
0,55.1089302142868,Status Quo,Direct Value,816,pv-elicitation-6,49,4,Kerf Loss
1,109.455109764298,Status Quo,Direct Value,816,pv-elicitation-6,49,4,Kerf Loss
0.10,70.1474073760115,Status Quo,Direct Value,816,pv-elicitation-6,49,4,Kerf Loss
0.50,90.1013777779559,Status Quo,Direct Value,816,pv-elicitation-6,49,4,Kerf Loss
0.90,94.1570628190015,Status Quo,Direct Value,816,pv-elicitation-6,49,4,Kerf Loss
0,30.0298480133512,x5 R&D,Direct Value,816,pv-elicitation-6,49,4,Kerf Loss
1,80.4776092073811,x5 R&D,Direct Value,816,pv-elicitation-6,49,4,Kerf Loss
0.10,49.7120016382277,x5 R&D,Direct Value,816,pv-elicitation-6,49,4,Kerf Loss
0.50,74.5594064054364,x5 R&D,Direct Value,816,pv-elicitation-6,49,4,Kerf Loss
0.90,75.0111774012038,x5 R&D,Direct Value,816,pv-elicitation-6,49,4,Kerf Loss
0,4.35820622230644,Unlimited R&D,Direct Value,816,pv-elicitation-6,49,4,Kerf Loss
1,34.3582062223064,Unlimited R&D,Direct Value,816,pv-elicitation-6,49,4,Kerf Loss
0.10,7.91342846315298,Unlimited R&D,Direct Value,816,pv-elicitation-6,49,4,Kerf Loss
0.50,25.1970105527052,Unlimited R&D,Direct Value,816,pv-elicitation-6,49,4,Kerf Loss
0.90,27.5253687616604,Unlimited R&D,Direct Value,816,pv-elicitation-6,49,4,Kerf Loss
0,0.205192040993206,Status Quo,Annual Improvement,625,pv-elicitation-6,50,3,Kerf Loss
1,0.774394392711269,Status Quo,Annual Improvement,625,pv-elicitation-6,50,3,Kerf Loss
0.10,0.399413113707816,Status Quo,Annual Improvement,625,pv-elicitation-6,50,3,Kerf Loss
0.50,0.501992127050587,Status Quo,Annual Improvement,625,pv-elicitation-6,50,3,Kerf Loss
0.90,0.664784480387183,Status Quo,Annual Improvement,625,pv-elicitation-6,50,3,Kerf Loss
0,0.804215070913424,x5 R&D,Annual Improvement,625,pv-elicitation-6,50,3,Kerf Loss
1,4.91615188115025,x5 R&D,Annual Improvement,625,pv-elicitation-6,50,3,Kerf Loss
0.10,1.14176212250003,x5 R&D,Annual Improvement,625,pv-elicitation-6,50,3,Kerf Loss
0.50,2.49175854074896,x5 R&D,Annual Improvement,625,pv-elicitation-6,50,3,Kerf Loss
0.90,4.46813488540803,x5 R&D,Annual Improvement,625,pv-elicitation-6,50,3,Kerf Loss
0,49.8400519376737,Unlimited R&D,Annual Improvement,625,pv-elicitation-6,50,3,Kerf Loss
1,89.3879937194381,Unlimited R&D,Annual Improvement,625,pv-elicitation-6,50,3,Kerf Loss
0.10,52.8485730685533,Unlimited R&D,Annual Improvement,625,pv-elicitation-6,50,3,Kerf Loss
0.50,70.9882400219987,Unlimited R&D,Annual Improvement,625,pv-elicitation-6,50,3,Kerf Loss
0.90,85.1952478393098,Unlimited R&D,Annual Improvement,625,pv-elicitation-6,50,3,Kerf Loss
0,60.1194029850746,Status Quo,Direct Value,625,pv-elicitation-6,50,3,Kerf Loss
1,77.6716417910448,Status Quo,Direct Value,625,pv-elicitation-6,50,3,Kerf Loss
0.10,63.5774560035643,Status Quo,Direct Value,625,pv-elicitation-6,50,3,Kerf Loss
0.50,70.1791935843172,Status Quo,Direct Value,625,pv-elicitation-6,50,3,Kerf Loss
0.90,75.1042993985297,Status Quo,Direct Value,625,pv-elicitation-6,50,3,Kerf Loss
0,30.1492537313433,x5 R&D,Direct Value,625,pv-elicitation-6,50,3,Kerf Loss
1,60,x5 R&D,Direct Value,625,pv-elicitation-6,50,3,Kerf Loss
0.10,34.782802405881,x5 R&D,Direct Value,625,pv-elicitation-6,50,3,Kerf Loss
0.50,44.8518601024727,x5 R&D,Direct Value,625,pv-elicitation-6,50,3,Kerf Loss
0.90,55.3664513254622,x5 R&D,Direct Value,625,pv-elicitation-6,50,3,Kerf Loss
0,0.0760971263087544,Unlimited R&D,Direct Value,625,pv-elicitation-6,50,3,Kerf Loss
1,20.0973045221653,Unlimited R&D,Direct Value,625,pv-elicitation-6,50,3,Kerf Loss
0.10,2.85516024245004,Unlimited R&D,Direct Value,625,pv-elicitation-6,50,3,Kerf Loss
0.50,18.0354189843831,Unlimited R&D,Direct Value,625,pv-elicitation-6,50,3,Kerf Loss
0.90,18.0354189843831,Unlimited R&D,Direct Value,625,pv-elicitation-6,50,3,Kerf Loss
0,9.9267283542191,Status Quo,Annual Improvement,855,pv-elicitation-6,51,2,Kerf Loss
1,19.9316820018102,Status Quo,Annual Improvement,855,pv-elicitation-6,51,2,Kerf Loss
0.10,12.2151748415226,Status Quo,Annual Improvement,855,pv-elicitation-6,51,2,Kerf Loss
0.50,14.8890733676745,Status Quo,Annual Improvement,855,pv-elicitation-6,51,2,Kerf Loss
0.90,17.20271889868,Status Quo,Annual Improvement,855,pv-elicitation-6,51,2,Kerf Loss
0,19.9661617286701,x5 R&D,Annual Improvement,855,pv-elicitation-6,51,2,Kerf Loss
1,29.9685511183224,x5 R&D,Annual Improvement,855,pv-elicitation-6,51,2,Kerf Loss
0.10,23.2379321013208,x5 R&D,Annual Improvement,855,pv-elicitation-6,51,2,Kerf Loss
0.50,24.9743543638342,x5 R&D,Annual Improvement,855,pv-elicitation-6,51,2,Kerf Loss
0.90,26.8507354331057,x5 R&D,Annual Improvement,855,pv-elicitation-6,51,2,Kerf Loss
0,30.2164179104478,Unlimited R&D,Annual Improvement,855,pv-elicitation-6,51,2,Kerf Loss
1,49.8283582089552,Unlimited R&D,Annual Improvement,855,pv-elicitation-6,51,2,Kerf Loss
0.10,35.0169525506794,Unlimited R&D,Annual Improvement,855,pv-elicitation-6,51,2,Kerf Loss
0.50,40.2272889284919,Unlimited R&D,Annual Improvement,855,pv-elicitation-6,51,2,Kerf Loss
0.90,45.0278235687235,Unlimited R&D,Annual Improvement,855,pv-elicitation-6,51,2,Kerf Loss
0,5.8955223880597,Status Quo,Direct Value,855,pv-elicitation-6,51,2,Kerf Loss
1,24.4029850746269,Status Quo,Direct Value,855,pv-elicitation-6,51,2,Kerf Loss
0.10,8.21586099353976,Status Quo,Direct Value,855,pv-elicitation-6,51,2,Kerf Loss
0.50,15.0663844954333,Status Quo,Direct Value,855,pv-elicitation-6,51,2,Kerf Loss
0.90,23.1323234573402,Status Quo,Direct Value,855,pv-elicitation-6,51,2,Kerf Loss
0,15.4477611940299,x5 R&D,Direct Value,855,pv-elicitation-6,51,2,Kerf Loss
1,34.4029850746269,x5 R&D,Direct Value,855,pv-elicitation-6,51,2,Kerf Loss
0.10,17.4281577188683,x5 R&D,Direct Value,855,pv-elicitation-6,51,2,Kerf Loss
0.50,24.8970817554021,x5 R&D,Direct Value,855,pv-elicitation-6,51,2,Kerf Loss
0.90,32.592336823346,x5 R&D,Direct Value,855,pv-elicitation-6,51,2,Kerf Loss
0,25.4477611940299,Unlimited R&D,Direct Value,855,pv-elicitation-6,51,2,Kerf Loss
1,49.7761194029851,Unlimited R&D,Direct Value,855,pv-elicitation-6,51,2,Kerf Loss
0.10,27.9895299621297,Unlimited R&D,Direct Value,855,pv-elicitation-6,51,2,Kerf Loss
0.50,33.6540432167521,Unlimited R&D,Direct Value,855,pv-elicitation-6,51,2,Kerf Loss
0.90,47.1617286700824,Unlimited R&D,Direct Value,855,pv-elicitation-6,51,2,Kerf Loss
0,99.9948327827847,Status Quo,Direct Value,928,pv-elicitation-6,52,1,Kerf Loss
1,100.006240368234,Status Quo,Direct Value,928,pv-elicitation-6,52,1,Kerf Loss
0.10,99.9966960493761,Status Quo,Direct Value,928,pv-elicitation-6,52,1,Kerf Loss
0.50,100.00014278168,Status Quo,Direct Value,928,pv-elicitation-6,52,1,Kerf Loss
0.90,100.003195720155,Status Quo,Direct Value,928,pv-elicitation-6,52,1,Kerf Loss
0,99.9974526534119,x5 R&D,Direct Value,928,pv-elicitation-6,52,1,Kerf Loss
1,100.001477950336,x5 R&D,Direct Value,928,pv-elicitation-6,52,1,Kerf Loss
0.10,99.9982748306831,x5 R&D,Direct Value,928,pv-elicitation-6,52,1,Kerf Loss
0.50,99.999795339911,x5 R&D,Direct Value,928,pv-elicitation-6,52,1,Kerf Loss
0.90,100.001096688321,x5 R&D,Direct Value,928,pv-elicitation-6,52,1,Kerf Loss
0,99.9981959611,Unlimited R&D,Direct Value,928,pv-elicitation-6,52,1,Kerf Loss
1,100.001151168421,Unlimited R&D,Direct Value,928,pv-elicitation-6,52,1,Kerf Loss
0.10,99.9993334772606,Unlimited R&D,Direct Value,928,pv-elicitation-6,52,1,Kerf Loss
0.50,100.000232076116,Unlimited R&D,Direct Value,928,pv-elicitation-6,52,1,Kerf Loss
0.90,100.000595251173,Unlimited R&D,Direct Value,928,pv-elicitation-6,52,1,Kerf Loss
0,1.01782084096232,x5 R&D,Annual Improvement,821,pv-elicitation-5,31,3,Wafer Thickness
1,4.89135286934917,x5 R&D,Annual Improvement,821,pv-elicitation-5,31,3,Wafer Thickness
0.10,2.04405173039066,x5 R&D,Annual Improvement,821,pv-elicitation-5,31,3,Wafer Thickness
0.50,2.96962688651655,x5 R&D,Annual Improvement,821,pv-elicitation-5,31,3,Wafer Thickness
0.90,3.92759717310685,x5 R&D,Annual Improvement,821,pv-elicitation-5,31,3,Wafer Thickness
0,0.00237514662272975,Status Quo,Annual Improvement,821,pv-elicitation-5,31,3,Wafer Thickness
1,5.94106030312537,Status Quo,Annual Improvement,821,pv-elicitation-5,31,3,Wafer Thickness
0.10,0.931045565031863,Status Quo,Annual Improvement,821,pv-elicitation-5,31,3,Wafer Thickness
0.50,2.96036331111362,Status Quo,Annual Improvement,821,pv-elicitation-5,31,3,Wafer Thickness
0.90,4.96630599188622,Status Quo,Annual Improvement,821,pv-elicitation-5,31,3,Wafer Thickness
0,1.97237442536165,Unlimited R&D,Annual Improvement,821,pv-elicitation-5,31,3,Wafer Thickness
1,5.96193972269766,Unlimited R&D,Annual Improvement,821,pv-elicitation-5,31,3,Wafer Thickness
0.10,2.98939241260741,Unlimited R&D,Annual Improvement,821,pv-elicitation-5,31,3,Wafer Thickness
0.50,3.98420611117193,Unlimited R&D,Annual Improvement,821,pv-elicitation-5,31,3,Wafer Thickness
0.90,5.00439647154814,Unlimited R&D,Annual Improvement,821,pv-elicitation-5,31,3,Wafer Thickness
0,0,Status Quo,Direct Value,821,pv-elicitation-5,31,3,Wafer Thickness
1,243.907623458456,Status Quo,Direct Value,821,pv-elicitation-5,31,3,Wafer Thickness
0.10,239.907715006912,Status Quo,Direct Value,821,pv-elicitation-5,31,3,Wafer Thickness
0.50,240.119165048922,Status Quo,Direct Value,821,pv-elicitation-5,31,3,Wafer Thickness
0.90,240.119165048922,Status Quo,Direct Value,821,pv-elicitation-5,31,3,Wafer Thickness
0,24.9650660666429,x5 R&D,Direct Value,821,pv-elicitation-5,31,3,Wafer Thickness
1,193.453327538927,x5 R&D,Direct Value,821,pv-elicitation-5,31,3,Wafer Thickness
0.10,139.757354401634,x5 R&D,Direct Value,821,pv-elicitation-5,31,3,Wafer Thickness
0.50,160.016865216733,x5 R&D,Direct Value,821,pv-elicitation-5,31,3,Wafer Thickness
0.90,178.479804257715,x5 R&D,Direct Value,821,pv-elicitation-5,31,3,Wafer Thickness
0,0,Unlimited R&D,Direct Value,821,pv-elicitation-5,31,3,Wafer Thickness
1,248.813545722853,Unlimited R&D,Direct Value,821,pv-elicitation-5,31,3,Wafer Thickness
0.10,49.9957502120419,Unlimited R&D,Direct Value,821,pv-elicitation-5,31,3,Wafer Thickness
0.50,102.201856109323,Unlimited R&D,Direct Value,821,pv-elicitation-5,31,3,Wafer Thickness
0.90,149.543364178768,Unlimited R&D,Direct Value,821,pv-elicitation-5,31,3,Wafer Thickness
0,1.78059701492537,x5 R&D,Annual Improvement,683,pv-elicitation-5,32,2,Wafer Thickness
1,9.96804454005313,x5 R&D,Annual Improvement,683,pv-elicitation-5,32,2,Wafer Thickness
0.10,2.91728262951227,x5 R&D,Annual Improvement,683,pv-elicitation-5,32,2,Wafer Thickness
0.50,5.02886146733475,x5 R&D,Annual Improvement,683,pv-elicitation-5,32,2,Wafer Thickness
0.90,7.3481365842873,x5 R&D,Annual Improvement,683,pv-elicitation-5,32,2,Wafer Thickness
0,2.00581620744573,Status Quo,Annual Improvement,683,pv-elicitation-5,32,2,Wafer Thickness
1,4.94700207278791,Status Quo,Annual Improvement,683,pv-elicitation-5,32,2,Wafer Thickness
0.10,2.06727382254243,Status Quo,Annual Improvement,683,pv-elicitation-5,32,2,Wafer Thickness
0.50,2.48458200362316,Status Quo,Annual Improvement,683,pv-elicitation-5,32,2,Wafer Thickness
0.90,2.98035838969344,Status Quo,Annual Improvement,683,pv-elicitation-5,32,2,Wafer Thickness
0,6.16865671641791,Unlimited R&D,Annual Improvement,683,pv-elicitation-5,32,2,Wafer Thickness
1,50.1955223880597,Unlimited R&D,Annual Improvement,683,pv-elicitation-5,32,2,Wafer Thickness
0.10,10.24278458454,Unlimited R&D,Annual Improvement,683,pv-elicitation-5,32,2,Wafer Thickness
0.50,14.8426063711294,Unlimited R&D,Annual Improvement,683,pv-elicitation-5,32,2,Wafer Thickness
0.90,20.0995455558031,Unlimited R&D,Annual Improvement,683,pv-elicitation-5,32,2,Wafer Thickness
0,150.025792029758,Status Quo,Direct Value,683,pv-elicitation-5,32,2,Wafer Thickness
1,169.723655781918,Status Quo,Direct Value,683,pv-elicitation-5,32,2,Wafer Thickness
0.10,160.080522482353,Status Quo,Direct Value,683,pv-elicitation-5,32,2,Wafer Thickness
0.50,163.564398384787,Status Quo,Direct Value,683,pv-elicitation-5,32,2,Wafer Thickness
0.90,169.488457408758,Status Quo,Direct Value,683,pv-elicitation-5,32,2,Wafer Thickness
0,120.141791044776,x5 R&D,Direct Value,683,pv-elicitation-5,32,2,Wafer Thickness
1,160.231343283582,x5 R&D,Direct Value,683,pv-elicitation-5,32,2,Wafer Thickness
0.10,140.007061706393,x5 R&D,Direct Value,683,pv-elicitation-5,32,2,Wafer Thickness
0.50,154.965849855202,x5 R&D,Direct Value,683,pv-elicitation-5,32,2,Wafer Thickness
0.90,160.231343283582,x5 R&D,Direct Value,683,pv-elicitation-5,32,2,Wafer Thickness
0,40.2164179104478,Unlimited R&D,Direct Value,683,pv-elicitation-5,32,2,Wafer Thickness
1,150.335820895522,Unlimited R&D,Direct Value,683,pv-elicitation-5,32,2,Wafer Thickness
0.10,80.4721263087548,Unlimited R&D,Direct Value,683,pv-elicitation-5,32,2,Wafer Thickness
0.50,119.711867899309,Unlimited R&D,Direct Value,683,pv-elicitation-5,32,2,Wafer Thickness
0.90,150.335820895522,Unlimited R&D,Direct Value,683,pv-elicitation-5,32,2,Wafer Thickness
0,-0.00634278213715156,x5 R&D,Annual Improvement,908,pv-elicitation-5,33,4,Wafer Thickness
1,9.33311471355343,x5 R&D,Annual Improvement,908,pv-elicitation-5,33,4,Wafer Thickness
0.10,1.90336718339958,x5 R&D,Annual Improvement,908,pv-elicitation-5,33,4,Wafer Thickness
0.50,3.45576203980088,x5 R&D,Annual Improvement,908,pv-elicitation-5,33,4,Wafer Thickness
0.90,6.00157689046381,x5 R&D,Annual Improvement,908,pv-elicitation-5,33,4,Wafer Thickness
0,0.010877007430568,Status Quo,Annual Improvement,908,pv-elicitation-5,33,4,Wafer Thickness
1,5.48808519048514,Status Quo,Annual Improvement,908,pv-elicitation-5,33,4,Wafer Thickness
0.10,0.983694580241753,Status Quo,Annual Improvement,908,pv-elicitation-5,33,4,Wafer Thickness
0.50,1.68728407547702,Status Quo,Annual Improvement,908,pv-elicitation-5,33,4,Wafer Thickness
0.90,2.99472922655731,Status Quo,Annual Improvement,908,pv-elicitation-5,33,4,Wafer Thickness
0,-0.0475453762597136,Unlimited R&D,Annual Improvement,908,pv-elicitation-5,33,4,Wafer Thickness
1,9.66138669555902,Unlimited R&D,Annual Improvement,908,pv-elicitation-5,33,4,Wafer Thickness
0.10,3.32111604857654,Unlimited R&D,Annual Improvement,908,pv-elicitation-5,33,4,Wafer Thickness
0.50,5.51601105876007,Unlimited R&D,Annual Improvement,908,pv-elicitation-5,33,4,Wafer Thickness
0.90,7.98719982040584,Unlimited R&D,Annual Improvement,908,pv-elicitation-5,33,4,Wafer Thickness
0,120.111940298508,Status Quo,Direct Value,908,pv-elicitation-5,33,4,Wafer Thickness
1,149.950879928715,Status Quo,Direct Value,908,pv-elicitation-5,33,4,Wafer Thickness
0.10,130.058253508577,Status Quo,Direct Value,908,pv-elicitation-5,33,4,Wafer Thickness
0.50,140.004566718646,Status Quo,Direct Value,908,pv-elicitation-5,33,4,Wafer Thickness
0.90,145.018155491201,Status Quo,Direct Value,908,pv-elicitation-5,33,4,Wafer Thickness
0,100.186567164179,x5 R&D,Direct Value,908,pv-elicitation-5,33,4,Wafer Thickness
1,150.099242593005,x5 R&D,Direct Value,908,pv-elicitation-5,33,4,Wafer Thickness
0.10,120.065827578525,x5 R&D,Direct Value,908,pv-elicitation-5,33,4,Wafer Thickness
0.50,130.076965916685,x5 R&D,Direct Value,908,pv-elicitation-5,33,4,Wafer Thickness
0.90,140.231120516819,x5 R&D,Direct Value,908,pv-elicitation-5,33,4,Wafer Thickness
0,100.186567164179,Unlimited R&D,Direct Value,908,pv-elicitation-5,33,4,Wafer Thickness
1,149.888059701493,Unlimited R&D,Direct Value,908,pv-elicitation-5,33,4,Wafer Thickness
0.10,110.126865671642,Unlimited R&D,Direct Value,908,pv-elicitation-5,33,4,Wafer Thickness
0.50,120.067164179104,Unlimited R&D,Direct Value,908,pv-elicitation-5,33,4,Wafer Thickness
0.90,135.200155936734,Unlimited R&D,Direct Value,908,pv-elicitation-5,33,4,Wafer Thickness
0,4.01293036044992,x5 R&D,Annual Improvement,702,pv-elicitation-5,34,1,Wafer Thickness
1,6.46737376299934,x5 R&D,Annual Improvement,702,pv-elicitation-5,34,1,Wafer Thickness
0.10,4.97639097965962,x5 R&D,Annual Improvement,702,pv-elicitation-5,34,1,Wafer Thickness
0.50,5.54982708011448,x5 R&D,Annual Improvement,702,pv-elicitation-5,34,1,Wafer Thickness
0.90,5.78965431602674,x5 R&D,Annual Improvement,702,pv-elicitation-5,34,1,Wafer Thickness
0,3.99504544782682,Status Quo,Annual Improvement,702,pv-elicitation-5,34,1,Wafer Thickness
1,5.70512994333184,Status Quo,Annual Improvement,702,pv-elicitation-5,34,1,Wafer Thickness
0.10,4.49759589020236,Status Quo,Annual Improvement,702,pv-elicitation-5,34,1,Wafer Thickness
0.50,5.06713697075691,Status Quo,Annual Improvement,702,pv-elicitation-5,34,1,Wafer Thickness
0.90,5.47687504574797,Status Quo,Annual Improvement,702,pv-elicitation-5,34,1,Wafer Thickness
0,5.96791044776119,Unlimited R&D,Annual Improvement,702,pv-elicitation-5,34,1,Wafer Thickness
1,12.9159840097174,Unlimited R&D,Annual Improvement,702,pv-elicitation-5,34,1,Wafer Thickness
0.10,6.89086350300612,Unlimited R&D,Annual Improvement,702,pv-elicitation-5,34,1,Wafer Thickness
0.50,7.50685714361941,Unlimited R&D,Annual Improvement,702,pv-elicitation-5,34,1,Wafer Thickness
0.90,9.06861790302225,Unlimited R&D,Annual Improvement,702,pv-elicitation-5,34,1,Wafer Thickness
0,124.843401642023,Status Quo,Direct Value,702,pv-elicitation-5,34,1,Wafer Thickness
1,146.376015692479,Status Quo,Direct Value,702,pv-elicitation-5,34,1,Wafer Thickness
0.10,129.890174753202,Status Quo,Direct Value,702,pv-elicitation-5,34,1,Wafer Thickness
0.50,139.906588439114,Status Quo,Direct Value,702,pv-elicitation-5,34,1,Wafer Thickness
0.90,142.359807964511,Status Quo,Direct Value,702,pv-elicitation-5,34,1,Wafer Thickness
0,100.186567164179,x5 R&D,Direct Value,702,pv-elicitation-5,34,1,Wafer Thickness
1,139.68538849526,x5 R&D,Direct Value,702,pv-elicitation-5,34,1,Wafer Thickness
0.10,114.220437332899,x5 R&D,Direct Value,702,pv-elicitation-5,34,1,Wafer Thickness
0.50,130.078886523884,x5 R&D,Direct Value,702,pv-elicitation-5,34,1,Wafer Thickness
0.90,135.067037479859,x5 R&D,Direct Value,702,pv-elicitation-5,34,1,Wafer Thickness
0,90.3358208955224,Unlimited R&D,Direct Value,702,pv-elicitation-5,34,1,Wafer Thickness
1,139.340880693436,Unlimited R&D,Direct Value,702,pv-elicitation-5,34,1,Wafer Thickness
0.10,99.8418278664773,Unlimited R&D,Direct Value,702,pv-elicitation-5,34,1,Wafer Thickness
0.50,119.629143953828,Unlimited R&D,Direct Value,702,pv-elicitation-5,34,1,Wafer Thickness
0.90,134.803646647676,Unlimited R&D,Direct Value,702,pv-elicitation-5,34,1,Wafer Thickness
0,8.06819422601849,x5 R&D,Annual Improvement,776,pv-elicitation-5,35,1,Wafer Thickness
1,13.8878028439508,x5 R&D,Annual Improvement,776,pv-elicitation-5,35,1,Wafer Thickness
0.10,10.0205234016984,x5 R&D,Annual Improvement,776,pv-elicitation-5,35,1,Wafer Thickness
0.50,10.9934532762502,x5 R&D,Annual Improvement,776,pv-elicitation-5,35,1,Wafer Thickness
0.90,12.757809668631,x5 R&D,Annual Improvement,776,pv-elicitation-5,35,1,Wafer Thickness
0,5.98147010580702,Status Quo,Annual Improvement,776,pv-elicitation-5,35,1,Wafer Thickness
1,13.9528616800669,Status Quo,Annual Improvement,776,pv-elicitation-5,35,1,Wafer Thickness
0.10,7.91616274144857,Status Quo,Annual Improvement,776,pv-elicitation-5,35,1,Wafer Thickness
0.50,9.97586628585464,Status Quo,Annual Improvement,776,pv-elicitation-5,35,1,Wafer Thickness
0.90,11.696712421888,Status Quo,Annual Improvement,776,pv-elicitation-5,35,1,Wafer Thickness
0,8.18576520383159,Unlimited R&D,Annual Improvement,776,pv-elicitation-5,35,1,Wafer Thickness
1,13.8714127070152,Unlimited R&D,Annual Improvement,776,pv-elicitation-5,35,1,Wafer Thickness
0.10,10.01026402948,Unlimited R&D,Annual Improvement,776,pv-elicitation-5,35,1,Wafer Thickness
0.50,11.9726610221833,Unlimited R&D,Annual Improvement,776,pv-elicitation-5,35,1,Wafer Thickness
0.90,13.0143225610129,Unlimited R&D,Annual Improvement,776,pv-elicitation-5,35,1,Wafer Thickness
0,140.210677688055,Status Quo,Direct Value,776,pv-elicitation-5,35,1,Wafer Thickness
1,159.816926007224,Status Quo,Direct Value,776,pv-elicitation-5,35,1,Wafer Thickness
0.10,142.4639330919,Status Quo,Direct Value,776,pv-elicitation-5,35,1,Wafer Thickness
0.50,144.820523666457,Status Quo,Direct Value,776,pv-elicitation-5,35,1,Wafer Thickness
0.90,149.896749618868,Status Quo,Direct Value,776,pv-elicitation-5,35,1,Wafer Thickness
0,134.809837313498,x5 R&D,Direct Value,776,pv-elicitation-5,35,1,Wafer Thickness
1,156.818950979307,x5 R&D,Direct Value,776,pv-elicitation-5,35,1,Wafer Thickness
0.10,139.638702550623,x5 R&D,Direct Value,776,pv-elicitation-5,35,1,Wafer Thickness
0.50,143.657624192491,x5 R&D,Direct Value,776,pv-elicitation-5,35,1,Wafer Thickness
0.90,148.967938791056,x5 R&D,Direct Value,776,pv-elicitation-5,35,1,Wafer Thickness
0,134.595587771683,Unlimited R&D,Direct Value,776,pv-elicitation-5,35,1,Wafer Thickness
1,155.979595882968,Unlimited R&D,Direct Value,776,pv-elicitation-5,35,1,Wafer Thickness
0.10,137.372317183148,Unlimited R&D,Direct Value,776,pv-elicitation-5,35,1,Wafer Thickness
0.50,139.985474890777,Unlimited R&D,Direct Value,776,pv-elicitation-5,35,1,Wafer Thickness
0.90,144.776928947056,Unlimited R&D,Direct Value,776,pv-elicitation-5,35,1,Wafer Thickness
0,1.87093113461378,x5 R&D,Annual Improvement,720,pv-elicitation-5,36,4,Wafer Thickness
1,35.2764780270174,x5 R&D,Annual Improvement,720,pv-elicitation-5,36,4,Wafer Thickness
0.10,4.71289557172872,x5 R&D,Annual Improvement,720,pv-elicitation-5,36,4,Wafer Thickness
0.50,11.3900184192629,x5 R&D,Annual Improvement,720,pv-elicitation-5,36,4,Wafer Thickness
0.90,28.346073522474,x5 R&D,Annual Improvement,720,pv-elicitation-5,36,4,Wafer Thickness
0,1.82294202026129,Status Quo,Annual Improvement,720,pv-elicitation-5,36,4,Wafer Thickness
1,20.8150959753688,Status Quo,Annual Improvement,720,pv-elicitation-5,36,4,Wafer Thickness
0.10,3.49538542824836,Status Quo,Annual Improvement,720,pv-elicitation-5,36,4,Wafer Thickness
0.50,9.74635581798092,Status Quo,Annual Improvement,720,pv-elicitation-5,36,4,Wafer Thickness
0.90,18.235564617287,Status Quo,Annual Improvement,720,pv-elicitation-5,36,4,Wafer Thickness
0,2.52401645428408,Unlimited R&D,Annual Improvement,720,pv-elicitation-5,36,4,Wafer Thickness
1,39.3786834179731,Unlimited R&D,Annual Improvement,720,pv-elicitation-5,36,4,Wafer Thickness
0.10,5.65941349447852,Unlimited R&D,Annual Improvement,720,pv-elicitation-5,36,4,Wafer Thickness
0.50,16.0744371990824,Unlimited R&D,Annual Improvement,720,pv-elicitation-5,36,4,Wafer Thickness
0.90,30.5225619535643,Unlimited R&D,Annual Improvement,720,pv-elicitation-5,36,4,Wafer Thickness
0,100.678069612873,Status Quo,Direct Value,720,pv-elicitation-5,36,4,Wafer Thickness
1,161.827323344216,Status Quo,Direct Value,720,pv-elicitation-5,36,4,Wafer Thickness
0.10,114.968748607708,Status Quo,Direct Value,720,pv-elicitation-5,36,4,Wafer Thickness
0.50,150.380555246157,Status Quo,Direct Value,720,pv-elicitation-5,36,4,Wafer Thickness
0.90,156.769283247939,Status Quo,Direct Value,720,pv-elicitation-5,36,4,Wafer Thickness
0,99.9168755830224,x5 R&D,Direct Value,720,pv-elicitation-5,36,4,Wafer Thickness
1,162.334786030784,x5 R&D,Direct Value,720,pv-elicitation-5,36,4,Wafer Thickness
0.10,109.100700192484,x5 R&D,Direct Value,720,pv-elicitation-5,36,4,Wafer Thickness
0.50,140.030172235256,x5 R&D,Direct Value,720,pv-elicitation-5,36,4,Wafer Thickness
0.90,154.376975532204,x5 R&D,Direct Value,720,pv-elicitation-5,36,4,Wafer Thickness
0,79.8720994636194,Unlimited R&D,Direct Value,720,pv-elicitation-5,36,4,Wafer Thickness
1,158.52881588153,Unlimited R&D,Direct Value,720,pv-elicitation-5,36,4,Wafer Thickness
0.10,89.8016385974744,Unlimited R&D,Direct Value,720,pv-elicitation-5,36,4,Wafer Thickness
0.50,119.620751985757,Unlimited R&D,Direct Value,720,pv-elicitation-5,36,4,Wafer Thickness
0.90,148.500680700393,Unlimited R&D,Direct Value,720,pv-elicitation-5,36,4,Wafer Thickness
0,19.4089958051659,x5 R&D,Annual Improvement,583,pv-elicitation-5,38,2,Wafer Thickness
1,29.8831902977382,x5 R&D,Annual Improvement,583,pv-elicitation-5,38,2,Wafer Thickness
0.10,21.4476493099948,x5 R&D,Annual Improvement,583,pv-elicitation-5,38,2,Wafer Thickness
0.50,25.3084621421487,x5 R&D,Annual Improvement,583,pv-elicitation-5,38,2,Wafer Thickness
0.90,28.2929890177389,x5 R&D,Annual Improvement,583,pv-elicitation-5,38,2,Wafer Thickness
0,11.6119402985075,Status Quo,Annual Improvement,583,pv-elicitation-5,38,2,Wafer Thickness
1,18.7313432835821,Status Quo,Annual Improvement,583,pv-elicitation-5,38,2,Wafer Thickness
0.10,13.0889507685453,Status Quo,Annual Improvement,583,pv-elicitation-5,38,2,Wafer Thickness
0.50,14.8316106036979,Status Quo,Annual Improvement,583,pv-elicitation-5,38,2,Wafer Thickness
0.90,17.1905769659167,Status Quo,Annual Improvement,583,pv-elicitation-5,38,2,Wafer Thickness
0,30.1492537313433,Unlimited R&D,Annual Improvement,583,pv-elicitation-5,38,2,Wafer Thickness
1,59.4328358208955,Unlimited R&D,Annual Improvement,583,pv-elicitation-5,38,2,Wafer Thickness
0.10,35.0881265315215,Unlimited R&D,Annual Improvement,583,pv-elicitation-5,38,2,Wafer Thickness
0.50,40.5077745600357,Unlimited R&D,Annual Improvement,583,pv-elicitation-5,38,2,Wafer Thickness
0.90,52.046380040098,Unlimited R&D,Annual Improvement,583,pv-elicitation-5,38,2,Wafer Thickness
0,149.773543774562,Status Quo,Direct Value,583,pv-elicitation-5,38,2,Wafer Thickness
1,199.802155991222,Status Quo,Direct Value,583,pv-elicitation-5,38,2,Wafer Thickness
0.10,170.410730440257,Status Quo,Direct Value,583,pv-elicitation-5,38,2,Wafer Thickness
0.50,180.59007798127,Status Quo,Direct Value,583,pv-elicitation-5,38,2,Wafer Thickness
0.90,190.446759411548,Status Quo,Direct Value,583,pv-elicitation-5,38,2,Wafer Thickness
0,100.597014925373,x5 R&D,Direct Value,583,pv-elicitation-5,38,2,Wafer Thickness
1,140.597014925373,x5 R&D,Direct Value,583,pv-elicitation-5,38,2,Wafer Thickness
0.10,110.44776119403,x5 R&D,Direct Value,583,pv-elicitation-5,38,2,Wafer Thickness
0.50,120.477611940299,x5 R&D,Direct Value,583,pv-elicitation-5,38,2,Wafer Thickness
0.90,132.776119402985,x5 R&D,Direct Value,583,pv-elicitation-5,38,2,Wafer Thickness
0,69.2537313432836,Unlimited R&D,Direct Value,583,pv-elicitation-5,38,2,Wafer Thickness
1,109.253731343284,Unlimited R&D,Direct Value,583,pv-elicitation-5,38,2,Wafer Thickness
0.10,79.8208955223881,Unlimited R&D,Direct Value,583,pv-elicitation-5,38,2,Wafer Thickness
0.50,89.3731343283582,Unlimited R&D,Direct Value,583,pv-elicitation-5,38,2,Wafer Thickness
0.90,100.238805970149,Unlimited R&D,Direct Value,583,pv-elicitation-5,38,2,Wafer Thickness
0,5.03766985965694,x5 R&D,Annual Improvement,607,pv-elicitation-5,39,3,Wafer Thickness
1,39.5095121407886,x5 R&D,Annual Improvement,607,pv-elicitation-5,39,3,Wafer Thickness
0.10,6.94133876174928,x5 R&D,Annual Improvement,607,pv-elicitation-5,39,3,Wafer Thickness
0.50,14.6975032750039,x5 R&D,Annual Improvement,607,pv-elicitation-5,39,3,Wafer Thickness
0.90,24.6403145001214,x5 R&D,Annual Improvement,607,pv-elicitation-5,39,3,Wafer Thickness
0,2.99891893617234,Status Quo,Annual Improvement,607,pv-elicitation-5,39,3,Wafer Thickness
1,9.93846085154323,Status Quo,Annual Improvement,607,pv-elicitation-5,39,3,Wafer Thickness
0.10,3.40609914743804,Status Quo,Annual Improvement,607,pv-elicitation-5,39,3,Wafer Thickness
0.50,4.96781975106045,Status Quo,Annual Improvement,607,pv-elicitation-5,39,3,Wafer Thickness
0.90,8.06698550850804,Status Quo,Annual Improvement,607,pv-elicitation-5,39,3,Wafer Thickness
0,9.97151035865448,Unlimited R&D,Annual Improvement,607,pv-elicitation-5,39,3,Wafer Thickness
1,59.7907252154359,Unlimited R&D,Annual Improvement,607,pv-elicitation-5,39,3,Wafer Thickness
0.10,15.2415653630939,Unlimited R&D,Annual Improvement,607,pv-elicitation-5,39,3,Wafer Thickness
0.50,35.4527375097489,Unlimited R&D,Annual Improvement,607,pv-elicitation-5,39,3,Wafer Thickness
0.90,46.1740927965582,Unlimited R&D,Annual Improvement,607,pv-elicitation-5,39,3,Wafer Thickness
0,150.055655322817,Status Quo,Direct Value,607,pv-elicitation-5,39,3,Wafer Thickness
1,164.802021422232,Status Quo,Direct Value,607,pv-elicitation-5,39,3,Wafer Thickness
0.10,153.158995054186,Status Quo,Direct Value,607,pv-elicitation-5,39,3,Wafer Thickness
0.50,157.183982666769,Status Quo,Direct Value,607,pv-elicitation-5,39,3,Wafer Thickness
0.90,161.918776707271,Status Quo,Direct Value,607,pv-elicitation-5,39,3,Wafer Thickness
0,124.962686567164,x5 R&D,Direct Value,607,pv-elicitation-5,39,3,Wafer Thickness
1,150.589552238806,x5 R&D,Direct Value,607,pv-elicitation-5,39,3,Wafer Thickness
0.10,135.022187569615,x5 R&D,Direct Value,607,pv-elicitation-5,39,3,Wafer Thickness
0.50,140.185809757184,x5 R&D,Direct Value,607,pv-elicitation-5,39,3,Wafer Thickness
0.90,147.491378926264,x5 R&D,Direct Value,607,pv-elicitation-5,39,3,Wafer Thickness
0,22.0169903016922,Unlimited R&D,Direct Value,607,pv-elicitation-5,39,3,Wafer Thickness
1,139.440938577384,Unlimited R&D,Direct Value,607,pv-elicitation-5,39,3,Wafer Thickness
0.10,40.2258361851236,Unlimited R&D,Direct Value,607,pv-elicitation-5,39,3,Wafer Thickness
0.50,59.737954794222,Unlimited R&D,Direct Value,607,pv-elicitation-5,39,3,Wafer Thickness
0.90,120.381730348127,Unlimited R&D,Direct Value,607,pv-elicitation-5,39,3,Wafer Thickness
0,20.8805970149254,x5 R&D,Annual Improvement,663,pv-elicitation-5,40,3,Wafer Thickness
1,38.8805970149254,x5 R&D,Annual Improvement,663,pv-elicitation-5,40,3,Wafer Thickness
0.10,24.0238805970149,x5 R&D,Annual Improvement,663,pv-elicitation-5,40,3,Wafer Thickness
0.50,29.2358208955224,x5 R&D,Annual Improvement,663,pv-elicitation-5,40,3,Wafer Thickness
0.90,36.9194029850746,x5 R&D,Annual Improvement,663,pv-elicitation-5,40,3,Wafer Thickness
0,15.910447761194,Status Quo,Annual Improvement,663,pv-elicitation-5,40,3,Wafer Thickness
1,30.0149253731343,Status Quo,Annual Improvement,663,pv-elicitation-5,40,3,Wafer Thickness
0.10,17.9945422143016,Status Quo,Annual Improvement,663,pv-elicitation-5,40,3,Wafer Thickness
0.50,24.6047003787035,Status Quo,Annual Improvement,663,pv-elicitation-5,40,3,Wafer Thickness
0.90,27.8466250835375,Status Quo,Annual Improvement,663,pv-elicitation-5,40,3,Wafer Thickness
0,49.4925373134328,Unlimited R&D,Annual Improvement,663,pv-elicitation-5,40,3,Wafer Thickness
1,74.2089552238806,Unlimited R&D,Annual Improvement,663,pv-elicitation-5,40,3,Wafer Thickness
0.10,53.9562486077077,Unlimited R&D,Annual Improvement,663,pv-elicitation-5,40,3,Wafer Thickness
0.50,59.7111160614836,Unlimited R&D,Annual Improvement,663,pv-elicitation-5,40,3,Wafer Thickness
0.90,69.5976832256627,Unlimited R&D,Annual Improvement,663,pv-elicitation-5,40,3,Wafer Thickness
0,149.955223880597,Status Quo,Direct Value,663,pv-elicitation-5,40,3,Wafer Thickness
1,159.850746268657,Status Quo,Direct Value,663,pv-elicitation-5,40,3,Wafer Thickness
0.10,154.902985074627,Status Quo,Direct Value,663,pv-elicitation-5,40,3,Wafer Thickness
0.50,156.793472933838,Status Quo,Direct Value,663,pv-elicitation-5,40,3,Wafer Thickness
0.90,159.008888393852,Status Quo,Direct Value,663,pv-elicitation-5,40,3,Wafer Thickness
0,79.9253731343284,x5 R&D,Direct Value,663,pv-elicitation-5,40,3,Wafer Thickness
1,150.716417910448,x5 R&D,Direct Value,663,pv-elicitation-5,40,3,Wafer Thickness
0.10,90.3855424370684,x5 R&D,Direct Value,663,pv-elicitation-5,40,3,Wafer Thickness
0.50,129.056471374471,x5 R&D,Direct Value,663,pv-elicitation-5,40,3,Wafer Thickness
0.90,139.622298952996,x5 R&D,Direct Value,663,pv-elicitation-5,40,3,Wafer Thickness
0,49.9850746268657,Unlimited R&D,Direct Value,663,pv-elicitation-5,40,3,Wafer Thickness
1,102.507462686567,Unlimited R&D,Direct Value,663,pv-elicitation-5,40,3,Wafer Thickness
0.10,59.940810871018,Unlimited R&D,Direct Value,663,pv-elicitation-5,40,3,Wafer Thickness
0.50,73.5809534417465,Unlimited R&D,Direct Value,663,pv-elicitation-5,40,3,Wafer Thickness
0.90,97.255223880597,Unlimited R&D,Direct Value,663,pv-elicitation-5,40,3,Wafer Thickness
0,0.988018678301639,x5 R&D,Annual Improvement,888,pv-elicitation-6,45,1,Wafer Thickness
1,10.8829013359386,x5 R&D,Annual Improvement,888,pv-elicitation-6,45,1,Wafer Thickness
0.10,4.00475119587389,x5 R&D,Annual Improvement,888,pv-elicitation-6,45,1,Wafer Thickness
0.50,6.90542330964509,x5 R&D,Annual Improvement,888,pv-elicitation-6,45,1,Wafer Thickness
0.90,8.91196942445808,x5 R&D,Annual Improvement,888,pv-elicitation-6,45,1,Wafer Thickness
0,0.474281891795489,Status Quo,Annual Improvement,888,pv-elicitation-6,45,1,Wafer Thickness
1,7.95248589869056,Status Quo,Annual Improvement,888,pv-elicitation-6,45,1,Wafer Thickness
0.10,1.87386492680045,Status Quo,Annual Improvement,888,pv-elicitation-6,45,1,Wafer Thickness
0.50,4.02392229924815,Status Quo,Annual Improvement,888,pv-elicitation-6,45,1,Wafer Thickness
0.90,5.90784879171861,Status Quo,Annual Improvement,888,pv-elicitation-6,45,1,Wafer Thickness
0,4.9369493158186,Unlimited R&D,Annual Improvement,888,pv-elicitation-6,45,1,Wafer Thickness
1,12.9103715324422,Unlimited R&D,Annual Improvement,888,pv-elicitation-6,45,1,Wafer Thickness
0.10,7.03097939291167,Unlimited R&D,Annual Improvement,888,pv-elicitation-6,45,1,Wafer Thickness
0.50,9.96354435063556,Unlimited R&D,Annual Improvement,888,pv-elicitation-6,45,1,Wafer Thickness
0.90,11.0311137709484,Unlimited R&D,Annual Improvement,888,pv-elicitation-6,45,1,Wafer Thickness
0,99.9620253637705,Status Quo,Direct Value,888,pv-elicitation-6,45,1,Wafer Thickness
1,159.458327765446,Status Quo,Direct Value,888,pv-elicitation-6,45,1,Wafer Thickness
0.10,130.065378369991,Status Quo,Direct Value,888,pv-elicitation-6,45,1,Wafer Thickness
0.50,139.164649618829,Status Quo,Direct Value,888,pv-elicitation-6,45,1,Wafer Thickness
0.90,149.24627586068,Status Quo,Direct Value,888,pv-elicitation-6,45,1,Wafer Thickness
0,100.179104477612,x5 R&D,Direct Value,888,pv-elicitation-6,45,1,Wafer Thickness
1,149.675384272667,x5 R&D,Direct Value,888,pv-elicitation-6,45,1,Wafer Thickness
0.10,110.272282428357,x5 R&D,Direct Value,888,pv-elicitation-6,45,1,Wafer Thickness
0.50,120.15768681653,x5 R&D,Direct Value,888,pv-elicitation-6,45,1,Wafer Thickness
0.90,129.923044257439,x5 R&D,Direct Value,888,pv-elicitation-6,45,1,Wafer Thickness
0,90.0319893071954,Unlimited R&D,Direct Value,888,pv-elicitation-6,45,1,Wafer Thickness
1,139.73214524393,Unlimited R&D,Direct Value,888,pv-elicitation-6,45,1,Wafer Thickness
0.10,99.6170193807084,Unlimited R&D,Direct Value,888,pv-elicitation-6,45,1,Wafer Thickness
0.50,110.000801960348,Unlimited R&D,Direct Value,888,pv-elicitation-6,45,1,Wafer Thickness
0.90,120.20708398307,Unlimited R&D,Direct Value,888,pv-elicitation-6,45,1,Wafer Thickness
0,0.52693732497846,x5 R&D,Annual Improvement,748,pv-elicitation-6,46,3,Wafer Thickness
1,3.88033213160223,x5 R&D,Annual Improvement,748,pv-elicitation-6,46,3,Wafer Thickness
0.10,1.20971616447144,x5 R&D,Annual Improvement,748,pv-elicitation-6,46,3,Wafer Thickness
0.50,2.00809205432163,x5 R&D,Annual Improvement,748,pv-elicitation-6,46,3,Wafer Thickness
0.90,2.43698952153478,x5 R&D,Annual Improvement,748,pv-elicitation-6,46,3,Wafer Thickness
0,0.261884294548596,Status Quo,Annual Improvement,748,pv-elicitation-6,46,3,Wafer Thickness
1,2.98991357352106,Status Quo,Annual Improvement,748,pv-elicitation-6,46,3,Wafer Thickness
0.10,1.01891241946346,Status Quo,Annual Improvement,748,pv-elicitation-6,46,3,Wafer Thickness
0.50,1.5624197911972,Status Quo,Annual Improvement,748,pv-elicitation-6,46,3,Wafer Thickness
0.90,2.36194221834221,Status Quo,Annual Improvement,748,pv-elicitation-6,46,3,Wafer Thickness
0,-0.00202505575118472,Unlimited R&D,Annual Improvement,748,pv-elicitation-6,46,3,Wafer Thickness
1,9.85580882089831,Unlimited R&D,Annual Improvement,748,pv-elicitation-6,46,3,Wafer Thickness
0.10,0.924905592351678,Unlimited R&D,Annual Improvement,748,pv-elicitation-6,46,3,Wafer Thickness
0.50,3.91995829162849,Unlimited R&D,Annual Improvement,748,pv-elicitation-6,46,3,Wafer Thickness
0.90,7.84010249089684,Unlimited R&D,Annual Improvement,748,pv-elicitation-6,46,3,Wafer Thickness
0,90.0889238880588,Status Quo,Direct Value,748,pv-elicitation-6,46,3,Wafer Thickness
1,175.815277196145,Status Quo,Direct Value,748,pv-elicitation-6,46,3,Wafer Thickness
0.10,140.516190539874,Status Quo,Direct Value,748,pv-elicitation-6,46,3,Wafer Thickness
0.50,160.046907291935,Status Quo,Direct Value,748,pv-elicitation-6,46,3,Wafer Thickness
0.90,170.45738011439,Status Quo,Direct Value,748,pv-elicitation-6,46,3,Wafer Thickness
0,71.0677083403946,x5 R&D,Direct Value,748,pv-elicitation-6,46,3,Wafer Thickness
1,177.05233978993,x5 R&D,Direct Value,748,pv-elicitation-6,46,3,Wafer Thickness
0.10,133.259179117628,x5 R&D,Direct Value,748,pv-elicitation-6,46,3,Wafer Thickness
0.50,156.36233876964,x5 R&D,Direct Value,748,pv-elicitation-6,46,3,Wafer Thickness
0.90,169.796668199253,x5 R&D,Direct Value,748,pv-elicitation-6,46,3,Wafer Thickness
0,60.0339137460393,Unlimited R&D,Direct Value,748,pv-elicitation-6,46,3,Wafer Thickness
1,176.916440918597,Unlimited R&D,Direct Value,748,pv-elicitation-6,46,3,Wafer Thickness
0.10,113.637757303924,Unlimited R&D,Direct Value,748,pv-elicitation-6,46,3,Wafer Thickness
0.50,139.369236475231,Unlimited R&D,Direct Value,748,pv-elicitation-6,46,3,Wafer Thickness
0.90,169.071976007687,Unlimited R&D,Direct Value,748,pv-elicitation-6,46,3,Wafer Thickness
0,-0.0209688425770462,x5 R&D,Annual Improvement,839,pv-elicitation-6,47,4,Wafer Thickness
1,3.91758337599515,x5 R&D,Annual Improvement,839,pv-elicitation-6,47,4,Wafer Thickness
0.10,1.43458306428659,x5 R&D,Annual Improvement,839,pv-elicitation-6,47,4,Wafer Thickness
0.50,2.62065910604023,x5 R&D,Annual Improvement,839,pv-elicitation-6,47,4,Wafer Thickness
0.90,2.97575567155397,x5 R&D,Annual Improvement,839,pv-elicitation-6,47,4,Wafer Thickness
0,0.00799945472016272,Status Quo,Annual Improvement,839,pv-elicitation-6,47,4,Wafer Thickness
1,2.46527329748265,Status Quo,Annual Improvement,839,pv-elicitation-6,47,4,Wafer Thickness
0.10,0.482434727907035,Status Quo,Annual Improvement,839,pv-elicitation-6,47,4,Wafer Thickness
0.50,1.31162993087869,Status Quo,Annual Improvement,839,pv-elicitation-6,47,4,Wafer Thickness
0.90,1.96254704255344,Status Quo,Annual Improvement,839,pv-elicitation-6,47,4,Wafer Thickness
0,0.998212120705347,Unlimited R&D,Annual Improvement,839,pv-elicitation-6,47,4,Wafer Thickness
1,6.91493589137262,Unlimited R&D,Annual Improvement,839,pv-elicitation-6,47,4,Wafer Thickness
0.10,2.4023301498637,Unlimited R&D,Annual Improvement,839,pv-elicitation-6,47,4,Wafer Thickness
0.50,5.4898444010869,Unlimited R&D,Annual Improvement,839,pv-elicitation-6,47,4,Wafer Thickness
0.90,5.91704068826008,Unlimited R&D,Annual Improvement,839,pv-elicitation-6,47,4,Wafer Thickness
0,99.9120862606105,Status Quo,Direct Value,839,pv-elicitation-6,47,4,Wafer Thickness
1,119.773033549846,Status Quo,Direct Value,839,pv-elicitation-6,47,4,Wafer Thickness
0.10,109.946297888837,Status Quo,Direct Value,839,pv-elicitation-6,47,4,Wafer Thickness
0.50,115.202355725024,Status Quo,Direct Value,839,pv-elicitation-6,47,4,Wafer Thickness
0.90,117.947422368215,Status Quo,Direct Value,839,pv-elicitation-6,47,4,Wafer Thickness
0,100.029850746269,x5 R&D,Direct Value,839,pv-elicitation-6,47,4,Wafer Thickness
1,119.194029850746,x5 R&D,Direct Value,839,pv-elicitation-6,47,4,Wafer Thickness
0.10,105.064023167743,x5 R&D,Direct Value,839,pv-elicitation-6,47,4,Wafer Thickness
0.50,110.040989084429,x5 R&D,Direct Value,839,pv-elicitation-6,47,4,Wafer Thickness
0.90,114.789128981956,x5 R&D,Direct Value,839,pv-elicitation-6,47,4,Wafer Thickness
0,80.1492537313433,Unlimited R&D,Direct Value,839,pv-elicitation-6,47,4,Wafer Thickness
1,109.575852082869,Unlimited R&D,Direct Value,839,pv-elicitation-6,47,4,Wafer Thickness
0.10,89.6324348407218,Unlimited R&D,Direct Value,839,pv-elicitation-6,47,4,Wafer Thickness
0.50,99.9202494987748,Unlimited R&D,Direct Value,839,pv-elicitation-6,47,4,Wafer Thickness
0.90,104.690576965917,Unlimited R&D,Direct Value,839,pv-elicitation-6,47,4,Wafer Thickness
0,14.8784020745576,x5 R&D,Annual Improvement,637,pv-elicitation-6,48,2,Wafer Thickness
1,30.0946707312741,x5 R&D,Annual Improvement,637,pv-elicitation-6,48,2,Wafer Thickness
0.10,14.8784020745576,x5 R&D,Annual Improvement,637,pv-elicitation-6,48,2,Wafer Thickness
0.50,20.2336199305401,x5 R&D,Annual Improvement,637,pv-elicitation-6,48,2,Wafer Thickness
0.90,30.0946707312741,x5 R&D,Annual Improvement,637,pv-elicitation-6,48,2,Wafer Thickness
0,5.92765580590092,Status Quo,Annual Improvement,637,pv-elicitation-6,48,2,Wafer Thickness
1,19.9504916267964,Status Quo,Annual Improvement,637,pv-elicitation-6,48,2,Wafer Thickness
0.10,5.92765580590092,Status Quo,Annual Improvement,637,pv-elicitation-6,48,2,Wafer Thickness
0.50,9.52336181015861,Status Quo,Annual Improvement,637,pv-elicitation-6,48,2,Wafer Thickness
0.90,19.9504916267964,Status Quo,Annual Improvement,637,pv-elicitation-6,48,2,Wafer Thickness
0,17.7128050596323,Unlimited R&D,Annual Improvement,637,pv-elicitation-6,48,2,Wafer Thickness
1,32.7798946118711,Unlimited R&D,Annual Improvement,637,pv-elicitation-6,48,2,Wafer Thickness
0.10,17.7128050596323,Unlimited R&D,Annual Improvement,637,pv-elicitation-6,48,2,Wafer Thickness
0.50,22.8805916196025,Unlimited R&D,Annual Improvement,637,pv-elicitation-6,48,2,Wafer Thickness
0.90,32.7798946118711,Unlimited R&D,Annual Improvement,637,pv-elicitation-6,48,2,Wafer Thickness
0,120.313431469362,Status Quo,Direct Value,637,pv-elicitation-6,48,2,Wafer Thickness
1,142.701491170855,Status Quo,Direct Value,637,pv-elicitation-6,48,2,Wafer Thickness
0.10,120.313431469362,Status Quo,Direct Value,637,pv-elicitation-6,48,2,Wafer Thickness
0.50,127.591221215173,Status Quo,Direct Value,637,pv-elicitation-6,48,2,Wafer Thickness
0.90,142.701491170855,Status Quo,Direct Value,637,pv-elicitation-6,48,2,Wafer Thickness
0,104.865670275332,x5 R&D,Direct Value,637,pv-elicitation-6,48,2,Wafer Thickness
1,130.835819529064,x5 R&D,Direct Value,637,pv-elicitation-6,48,2,Wafer Thickness
0.10,104.865670275332,x5 R&D,Direct Value,637,pv-elicitation-6,48,2,Wafer Thickness
0.50,113.385429214066,x5 R&D,Direct Value,637,pv-elicitation-6,48,2,Wafer Thickness
0.90,130.835819529064,x5 R&D,Direct Value,637,pv-elicitation-6,48,2,Wafer Thickness
0,80.0149240066756,Unlimited R&D,Direct Value,637,pv-elicitation-6,48,2,Wafer Thickness
1,99.940297141004,Unlimited R&D,Direct Value,637,pv-elicitation-6,48,2,Wafer Thickness
0.10,80.0149240066756,Unlimited R&D,Direct Value,637,pv-elicitation-6,48,2,Wafer Thickness
0.50,84.9457100103204,Unlimited R&D,Direct Value,637,pv-elicitation-6,48,2,Wafer Thickness
0.90,99.940297141004,Unlimited R&D,Direct Value,637,pv-elicitation-6,48,2,Wafer Thickness
0,20.0999976770202,x5 R&D,Annual Improvement,816,pv-elicitation-6,49,4,Wafer Thickness
1,35.0701469307515,x5 R&D,Annual Improvement,816,pv-elicitation-6,49,4,Wafer Thickness
0.10,22.0528193136663,x5 R&D,Annual Improvement,816,pv-elicitation-6,49,4,Wafer Thickness
0.50,25.0468491644125,x5 R&D,Annual Improvement,816,pv-elicitation-6,49,4,Wafer Thickness
0.90,25.0915361771102,x5 R&D,Annual Improvement,816,pv-elicitation-6,49,4,Wafer Thickness
0,14.8846824620503,Status Quo,Annual Improvement,816,pv-elicitation-6,49,4,Wafer Thickness
1,29.7563688064477,Status Quo,Annual Improvement,816,pv-elicitation-6,49,4,Wafer Thickness
0.10,14.8846824620503,Status Quo,Annual Improvement,816,pv-elicitation-6,49,4,Wafer Thickness
0.50,16.957839118691,Status Quo,Annual Improvement,816,pv-elicitation-6,49,4,Wafer Thickness
0.90,20.0653556682666,Status Quo,Annual Improvement,816,pv-elicitation-6,49,4,Wafer Thickness
0,19.7193988129566,Unlimited R&D,Annual Improvement,816,pv-elicitation-6,49,4,Wafer Thickness
1,40.0179062756432,Unlimited R&D,Annual Improvement,816,pv-elicitation-6,49,4,Wafer Thickness
0.10,25.2136321124109,Unlimited R&D,Annual Improvement,816,pv-elicitation-6,49,4,Wafer Thickness
0.50,28.1235857186219,Unlimited R&D,Annual Improvement,816,pv-elicitation-6,49,4,Wafer Thickness
0.90,30.0625476255054,Unlimited R&D,Annual Improvement,816,pv-elicitation-6,49,4,Wafer Thickness
0,140.292532394181,Status Quo,Direct Value,816,pv-elicitation-6,49,4,Wafer Thickness
1,160.710442841943,Status Quo,Direct Value,816,pv-elicitation-6,49,4,Wafer Thickness
0,100.237760219888,x5 R&D,Direct Value,816,pv-elicitation-6,49,4,Wafer Thickness
1,160.769727250407,x5 R&D,Direct Value,816,pv-elicitation-6,49,4,Wafer Thickness
0.10,108.639958628602,x5 R&D,Direct Value,816,pv-elicitation-6,49,4,Wafer Thickness
0.50,114.634439111885,x5 R&D,Direct Value,816,pv-elicitation-6,49,4,Wafer Thickness
0.90,123.276046179265,x5 R&D,Direct Value,816,pv-elicitation-6,49,4,Wafer Thickness
0,45.573354043621,Unlimited R&D,Direct Value,816,pv-elicitation-6,49,4,Wafer Thickness
1,141.212858412887,Unlimited R&D,Direct Value,816,pv-elicitation-6,49,4,Wafer Thickness
0.10,62.0281483203521,Unlimited R&D,Direct Value,816,pv-elicitation-6,49,4,Wafer Thickness
0.50,73.4188415029749,Unlimited R&D,Direct Value,816,pv-elicitation-6,49,4,Wafer Thickness
0.90,88.2655344747525,Unlimited R&D,Direct Value,816,pv-elicitation-6,49,4,Wafer Thickness
0,3.13721318779238,x5 R&D,Annual Improvement,625,pv-elicitation-6,50,3,Wafer Thickness
1,14.9773500837997,x5 R&D,Annual Improvement,625,pv-elicitation-6,50,3,Wafer Thickness
0.10,4.15003086816913,x5 R&D,Annual Improvement,625,pv-elicitation-6,50,3,Wafer Thickness
0.50,9.94253067704136,x5 R&D,Annual Improvement,625,pv-elicitation-6,50,3,Wafer Thickness
0.90,13.6928277694288,x5 R&D,Annual Improvement,625,pv-elicitation-6,50,3,Wafer Thickness
0,1.09326466091886,Status Quo,Annual Improvement,625,pv-elicitation-6,50,3,Wafer Thickness
1,4.84834392361241,Status Quo,Annual Improvement,625,pv-elicitation-6,50,3,Wafer Thickness
0.10,2.0126116528197,Status Quo,Annual Improvement,625,pv-elicitation-6,50,3,Wafer Thickness
0.50,2.98537141009505,Status Quo,Annual Improvement,625,pv-elicitation-6,50,3,Wafer Thickness
0.90,4.13617371861881,Status Quo,Annual Improvement,625,pv-elicitation-6,50,3,Wafer Thickness
0,24.908571387493,Unlimited R&D,Annual Improvement,625,pv-elicitation-6,50,3,Wafer Thickness
1,32.8683454090923,Unlimited R&D,Annual Improvement,625,pv-elicitation-6,50,3,Wafer Thickness
0.10,25.7492209907946,Unlimited R&D,Annual Improvement,625,pv-elicitation-6,50,3,Wafer Thickness
0.50,29.8940905626286,Unlimited R&D,Annual Improvement,625,pv-elicitation-6,50,3,Wafer Thickness
0.90,31.8571292196136,Unlimited R&D,Annual Improvement,625,pv-elicitation-6,50,3,Wafer Thickness
0,140.105073906458,Status Quo,Direct Value,625,pv-elicitation-6,50,3,Wafer Thickness
1,157.817230177025,Status Quo,Direct Value,625,pv-elicitation-6,50,3,Wafer Thickness
0.10,141.506184775623,Status Quo,Direct Value,625,pv-elicitation-6,50,3,Wafer Thickness
0.50,145.243581928983,Status Quo,Direct Value,625,pv-elicitation-6,50,3,Wafer Thickness
0.90,155.570165575536,Status Quo,Direct Value,625,pv-elicitation-6,50,3,Wafer Thickness
0,50.2686567164179,x5 R&D,Direct Value,625,pv-elicitation-6,50,3,Wafer Thickness
1,100.179104477612,x5 R&D,Direct Value,625,pv-elicitation-6,50,3,Wafer Thickness
0.10,56.3770995767432,x5 R&D,Direct Value,625,pv-elicitation-6,50,3,Wafer Thickness
0.50,79.9169525506795,x5 R&D,Direct Value,625,pv-elicitation-6,50,3,Wafer Thickness
0.90,96.7524170193807,x5 R&D,Direct Value,625,pv-elicitation-6,50,3,Wafer Thickness
0,20.4170455354122,Unlimited R&D,Direct Value,625,pv-elicitation-6,50,3,Wafer Thickness
1,99.6167334666072,Unlimited R&D,Direct Value,625,pv-elicitation-6,50,3,Wafer Thickness
0.10,29.6349226002388,Unlimited R&D,Direct Value,625,pv-elicitation-6,50,3,Wafer Thickness
0.50,49.6004935366338,Unlimited R&D,Direct Value,625,pv-elicitation-6,50,3,Wafer Thickness
0.90,88.4630372577931,Unlimited R&D,Direct Value,625,pv-elicitation-6,50,3,Wafer Thickness
0,50.2641791044776,x5 R&D,Annual Improvement,855,pv-elicitation-6,51,2,Wafer Thickness
1,90.1089552238806,x5 R&D,Annual Improvement,855,pv-elicitation-6,51,2,Wafer Thickness
0.10,57.5194965471152,x5 R&D,Annual Improvement,855,pv-elicitation-6,51,2,Wafer Thickness
0.50,70.0081577188684,x5 R&D,Annual Improvement,855,pv-elicitation-6,51,2,Wafer Thickness
0.90,83.4483359322789,x5 R&D,Annual Improvement,855,pv-elicitation-6,51,2,Wafer Thickness
0,20.5208955223881,Status Quo,Annual Improvement,855,pv-elicitation-6,51,2,Wafer Thickness
1,60.2253731343284,Status Quo,Annual Improvement,855,pv-elicitation-6,51,2,Wafer Thickness
0.10,29.8840409890844,Status Quo,Annual Improvement,855,pv-elicitation-6,51,2,Wafer Thickness
0.50,40.4323947427044,Status Quo,Annual Improvement,855,pv-elicitation-6,51,2,Wafer Thickness
0.90,50.3881443528626,Status Quo,Annual Improvement,855,pv-elicitation-6,51,2,Wafer Thickness
0,70.0462686567164,Unlimited R&D,Annual Improvement,855,pv-elicitation-6,51,2,Wafer Thickness
1,93.8970149253731,Unlimited R&D,Annual Improvement,855,pv-elicitation-6,51,2,Wafer Thickness
0.10,75.243595455558,Unlimited R&D,Annual Improvement,855,pv-elicitation-6,51,2,Wafer Thickness
0.50,83.2175762976164,Unlimited R&D,Annual Improvement,855,pv-elicitation-6,51,2,Wafer Thickness
0.90,90.8355758520829,Unlimited R&D,Annual Improvement,855,pv-elicitation-6,51,2,Wafer Thickness
0,95.0223880597015,Status Quo,Direct Value,855,pv-elicitation-6,51,2,Wafer Thickness
1,115.067164179104,Status Quo,Direct Value,855,pv-elicitation-6,51,2,Wafer Thickness
0.10,98.0440632657608,Status Quo,Direct Value,855,pv-elicitation-6,51,2,Wafer Thickness
0.50,100.587057251058,Status Quo,Direct Value,855,pv-elicitation-6,51,2,Wafer Thickness
0.90,111.088126531521,Status Quo,Direct Value,855,pv-elicitation-6,51,2,Wafer Thickness
0,70.1567164179105,x5 R&D,Direct Value,855,pv-elicitation-6,51,2,Wafer Thickness
1,99.8432835820896,x5 R&D,Direct Value,855,pv-elicitation-6,51,2,Wafer Thickness
0.10,73.1253731343284,x5 R&D,Direct Value,855,pv-elicitation-6,51,2,Wafer Thickness
0.50,75.2078636667409,x5 R&D,Direct Value,855,pv-elicitation-6,51,2,Wafer Thickness
0.90,95.102294497661,x5 R&D,Direct Value,855,pv-elicitation-6,51,2,Wafer Thickness
0,45.2910447761194,Unlimited R&D,Direct Value,855,pv-elicitation-6,51,2,Wafer Thickness
1,99.589552238806,Unlimited R&D,Direct Value,855,pv-elicitation-6,51,2,Wafer Thickness
0.10,53.9625974604589,Unlimited R&D,Direct Value,855,pv-elicitation-6,51,2,Wafer Thickness
0.50,58.5820227222099,Unlimited R&D,Direct Value,855,pv-elicitation-6,51,2,Wafer Thickness
0.90,93.9976163956338,Unlimited R&D,Direct Value,855,pv-elicitation-6,51,2,Wafer Thickness
0,149.999153712823,Status Quo,Direct Value,928,pv-elicitation-6,52,1,Wafer Thickness
1,150.009829010648,Status Quo,Direct Value,928,pv-elicitation-6,52,1,Wafer Thickness
0.10,150.000523477017,Status Quo,Direct Value,928,pv-elicitation-6,52,1,Wafer Thickness
0.50,150.00449185965,Status Quo,Direct Value,928,pv-elicitation-6,52,1,Wafer Thickness
0.90,150.008713183109,Status Quo,Direct Value,928,pv-elicitation-6,52,1,Wafer Thickness
0,150.070895522388,x5 R&D,Direct Value,928,pv-elicitation-6,52,1,Wafer Thickness
1,150.080895522388,x5 R&D,Direct Value,928,pv-elicitation-6,52,1,Wafer Thickness
0.10,150.072119402985,x5 R&D,Direct Value,928,pv-elicitation-6,52,1,Wafer Thickness
0.50,150.075940298507,x5 R&D,Direct Value,928,pv-elicitation-6,52,1,Wafer Thickness
0.90,150.079970149254,x5 R&D,Direct Value,928,pv-elicitation-6,52,1,Wafer Thickness
0,150.322824771664,Unlimited R&D,Direct Value,928,pv-elicitation-6,52,1,Wafer Thickness
1,150.356943339706,Unlimited R&D,Direct Value,928,pv-elicitation-6,52,1,Wafer Thickness
0.10,150.344572597702,Unlimited R&D,Direct Value,928,pv-elicitation-6,52,1,Wafer Thickness
0.50,150.34588730099,Unlimited R&D,Direct Value,928,pv-elicitation-6,52,1,Wafer Thickness
0.90,150.347766965626,Unlimited R&D,Direct Value,928,pv-elicitation-6,52,1,Wafer Thickness
