Investment,Category,Tranche,Scenario,Sample,Technology,Index,Value,Units
No R&D Spending,Electrolysis R&D,No Electrolysis R&D,Base Electrolysis,1,Simple electrolysis,Cost,0.1021214436044039,USD/gH2
No R&D Spending,Electrolysis R&D,No Electrolysis R&D,Base Electrolysis,1,Simple electrolysis,GHG,21.391958531623178,gCO2e/gH2
No R&D Spending,Electrolysis R&D,No Electrolysis R&D,Base Electrolysis,1,Simple electrolysis,Jobs,8.329647648533098e-05,job/gH2
No R&D Spending,Electrolysis R&D,No Electrolysis R&D,Base Electrolysis,2,Simple electrolysis,Cost,0.1021214436044039,USD/gH2
No R&D Spending,Electrolysis R&D,No Electrolysis R&D,Base Electrolysis,2,Simple electrolysis,GHG,21.391958531623178,gCO2e/gH2
No R&D Spending,Electrolysis R&D,No Electrolysis R&D,Base Electrolysis,2,Simple electrolysis,Jobs,8.329647648533098e-05,job/gH2
No R&D Spending,Electrolysis R&D,No Electrolysis R&D,Base Electrolysis,3,Simple electrolysis,Cost,0.1021214436044039,USD/gH2
No R&D Spending,Electrolysis R&D,No Electrolysis R&D,Base Electrolysis,3,Simple electrolysis,GHG,21.391958531623178,gCO2e/gH2
No R&D Spending,Electrolysis R&D,No Electrolysis R&D,Base Electrolysis,3,Simple electrolysis,Jobs,8.329647648533098e-05,job/gH2
No R&D Spending,Electrolysis R&D,No Electrolysis R&D,Base Electrolysis,4,Simple electrolysis,Cost,0.1021214436044039,USD/gH2
No R&D Spending,Electrolysis R&D,No Electrolysis R&D,Base Electrolysis,4,Simple electrolysis,GHG,21.391958531623178,gCO2e/gH2
No R&D Spending,Electrolysis R&D,No Electrolysis R&D,Base Electrolysis,4,Simple electrolysis,Jobs,8.329647648533098e-05,job/gH2
No R&D Spending,Electrolysis R&D,No Electrolysis R&D,Base Electrolysis,5,Simple electrolysis,Cost,0.1021214436044039,USD/gH2
No R&D Spending,Electrolysis R&D,No Electrolysis R&D,Base Electrolysis,5,Simple electrolysis,GHG,21.391958531623178,gCO2e/gH2
No R&D Spending,Electrolysis R&D,No Electrolysis R&D,Base Electrolysis,5,Simple electrolysis,Jobs,8.329647648533098e-05,job/gH2
No R&D Spending,Electrolysis R&D,No Electrolysis R&D,Base Electrolysis,6,Simple electrolysis,Cost,0.1021214436044039,USD/gH2
No R&D Spending,Electrolysis R&D,No Electrolysis R&D,Base Electrolysis,6,Simple electrolysis,GHG,21.391958531623178,gCO2e/gH2
No R&D Spending,Electrolysis R&D,No Electrolysis R&D,Base Electrolysis,6,Simple electrolysis,Jobs,8.329647648533098e-05,job/gH2
No R&D Spending,Electrolysis R&D,No Electrolysis R&D,Base Electrolysis,7,Simple electrolysis,Cost,0.1021214436044039,USD/gH2
No R&D Spending,Electrolysis R&D,No Electrolysis R&D,Base Electrolysis,7,Simple electrolysis,GHG,21.391958531623178,gCO2e/gH2
No R&D Spending,Electrolysis R&D,No Electrolysis R&D,Base Electrolysis,7,Simple electrolysis,Jobs,8.329647648533098e-05,job/gH2
No R&D Spending,Electrolysis R&D,No Electrolysis R&D,Base Electrolysis,8,Simple electrolysis,Cost,0.1021214436044039,USD/gH2
No R&D Spending,Electrolysis R&D,No Electrolysis R&D,Base Electrolysis,8,Simple electrolysis,GHG,21.391958531623178,gCO2e/gH2
No R&D Spending,Electrolysis R&D,No Electrolysis R&D,Base Electrolysis,8,Simple electrolysis,Jobs,8.329647648533098e-05,job/gH2
No R&D Spending,Electrolysis R&D,No Electrolysis R&D,Base Electrolysis,9,Simple electrolysis,Cost,0.1021214436044039,USD/gH2
No R&D Spending,Electrolysis R&D,No Electrolysis R&D,Base Electrolysis,9,Simple electrolysis,GHG,21.391958531623178,gCO2e/gH2
No R&D Spending,Electrolysis R&D,No Electrolysis R&D,Base Electrolysis,9,Simple electrolysis,Jobs,8.329647648533098e-05,job/gH2
No R&D Spending,Electrolysis R&D,No Electrolysis R&D,Base Electrolysis,10,Simple electrolysis,Cost,0.1021214436044039,USD/gH2
No R&D Spending,Electrolysis R&D,No Electrolysis R&D,Base Electrolysis,10,Simple electrolysis,GHG,21.391958531623178,gCO2e/gH2
No R&D Spending,Electrolysis R&D,No Electrolysis R&D,Base Electrolysis,10,Simple electrolysis,Jobs,8.329647648533098e-05,job/gH2
No R&D Spending,Electrolysis R&D,No Electrolysis R&D,Base Electrolysis,11,Simple electrolysis,Cost,0.1021214436044039,USD/gH2
No R&D Spending,Electrolysis R&D,No Electrolysis R&D,Base Electrolysis,11,Simple electrolysis,GHG,21.391958531623178,gCO2e/gH2
No R&D Spending,Electrolysis R&D,No Electrolysis R&D,Base Electrolysis,11,Simple electrolysis,Jobs,8.329647648533098e-05,job/gH2
No R&D Spending,Electrolysis R&D,No Electrolysis R&D,Base Electrolysis,12,Simple electrolysis,Cost,0.1021214436044039,USD/gH2
No R&D Spending,Electrolysis R&D,No Electrolysis R&D,Base Electrolysis,12,Simple electrolysis,GHG,21.391958531623178,gCO2e/gH2
No R&D Spending,Electrolysis R&D,No Electrolysis R&D,Base Electrolysis,12,Simple electrolysis,Jobs,8.329647648533098e-05,job/gH2
No R&D Spending,Electrolysis R&D,No Electrolysis R&D,Base Electrolysis,13,Simple electrolysis,Cost,0.1021214436044039,USD/gH2
No R&D Spending,Electrolysis R&D,No Electrolysis R&D,Base Electrolysis,13,Simple electrolysis,GHG,21.391958531623178,gCO2e/gH2
No R&D Spending,Electrolysis R&D,No Electrolysis R&D,Base Electrolysis,13,Simple electrolysis,Jobs,8.329647648533098e-05,job/gH2
No R&D Spending,Electrolysis R&D,No Electrolysis R&D,Base Electrolysis,14,Simple electrolysis,Cost,0.1021214436044039,USD/gH2
No R&D Spending,Electrolysis R&D,No Electrolysis R&D,Base Electrolysis,14,Simple electrolysis,GHG,21.391958531623178,gCO2e/gH2
No R&D Spending,Electrolysis R&D,No Electrolysis R&D,Base Electrolysis,14,Simple electrolysis,Jobs,8.329647648533098e-05,job/gH2
No R&D Spending,Electrolysis R&D,No Electrolysis R&D,Base Electrolysis,15,Simple electrolysis,Cost,0.1021214436044039,USD/gH2
No R&D Spending,Electrolysis R&D,No Electrolysis R&D,Base Electrolysis,15,Simple electrolysis,GHG,21.391958531623178,gCO2e/gH2
No R&D Spending,Electrolysis R&D,No Electrolysis R&D,Base Electrolysis,15,Simple electrolysis,Jobs,8.329647648533098e-05,job/gH2
No R&D Spending,Electrolysis R&D,No Electrolysis R&D,Base Electrolysis,16,Simple electrolysis,Cost,0.1021214436044039,USD/gH2
No R&D Spending,Electrolysis R&D,No Electrolysis R&D,Base Electrolysis,16,Simple electrolysis,GHG,21.391958531623178,gCO2e/gH2
No R&D Spending,Electrolysis R&D,No Electrolysis R&D,Base Electrolysis,16,Simple electrolysis,Jobs,8.329647648533098e-05,job/gH2
No R&D Spending,Electrolysis R&D,No Electrolysis R&D,Base Electrolysis,17,Simple electrolysis,Cost,0.1021214436044039,USD/gH2
No R&D Spending,Electrolysis R&D,No Electrolysis R&D,Base Electrolysis,17,Simple electrolysis,GHG,21.391958531623178,gCO2e/gH2
No R&D Spending,Electrolysis R&D,No Electrolysis R&D,Base Electrolysis,17,Simple electrolysis,Jobs,8.329647648533098e-05,job/gH2
No R&D Spending,Electrolysis R&D,No Electrolysis R&D,Base Electrolysis,18,Simple electrolysis,Cost,0.1021214436044039,USD/gH2
No R&D Spending,Electrolysis R&D,No Electrolysis R&D,Base Electrolysis,18,Simple electrolysis,GHG,21.391958531623178,gCO2e/gH2
No R&D Spending,Electrolysis R&D,No Electrolysis R&D,Base Electrolysis,18,Simple electrolysis,Jobs,8.329647648533098e-05,job/gH2
No R&D Spending,Electrolysis R&D,No Electrolysis R&D,Base Electrolysis,19,Simple electrolysis,Cost,0.1021214436044039,USD/gH2
No R&D Spending,Electrolysis R&D,No Electrolysis R&D,Base Electrolysis,19,Simple electrolysis,GHG,21.391958531623178,gCO2e/gH2
No R&D Spending,Electrolysis R&D,No Electrolysis R&D,Base Electrolysis,19,Simple electrolysis,Jobs,8.329647648533098e-05,job/gH2
No R&D Spending,Electrolysis R&D,No Electrolysis R&D,Base Electrolysis,20,Simple electrolysis,Cost,0.1021214436044039,USD/gH2
No R&D Spending,Electrolysis R&D,No Electrolysis R&D,Base Electrolysis,20,Simple electrolysis,GHG,21.391958531623178,gCO2e/gH2
No R&D Spending,Electrolysis R&D,No Electrolysis R&D,Base Electrolysis,20,Simple electrolysis,Jobs,8.329647648533098e-05,job/gH2
No R&D Spending,Electrolysis R&D,No Electrolysis R&D,Base Electrolysis,21,Simple electrolysis,Cost,0.1021214436044039,USD/gH2
No R&D Spending,Electrolysis R&D,No Electrolysis R&D,Base Electrolysis,21,Simple electrolysis,GHG,21.391958531623178,gCO2e/gH2
No R&D Spending,Electrolysis R&D,No Electrolysis R&D,Base Electrolysis,21,Simple electrolysis,Jobs,8.329647648533098e-05,job/gH2
No R&D Spending,Electrolysis R&D,No Electrolysis R&D,Base Electrolysis,22,Simple electrolysis,Cost,0.1021214436044039,USD/gH2
No R&D Spending,Electrolysis R&D,No Electrolysis R&D,Base Electrolysis,22,Simple electrolysis,GHG,21.391958531623178,gCO2e/gH2
No R&D Spending,Electrolysis R&D,No Electrolysis R&D,Base Electrolysis,22,Simple electrolysis,Jobs,8.329647648533098e-05,job/gH2
No R&D Spending,Electrolysis R&D,No Electrolysis R&D,Base Electrolysis,23,Simple electrolysis,Cost,0.1021214436044039,USD/gH2
No R&D Spending,Electrolysis R&D,No Electrolysis R&D,Base Electrolysis,23,Simple electrolysis,GHG,21.391958531623178,gCO2e/gH2
No R&D Spending,Electrolysis R&D,No Electrolysis R&D,Base Electrolysis,23,Simple electrolysis,Jobs,8.329647648533098e-05,job/gH2
No R&D Spending,Electrolysis R&D,No Electrolysis R&D,Base Electrolysis,24,Simple electrolysis,Cost,0.1021214436044039,USD/gH2
No R&D Spending,Electrolysis R&D,No Electrolysis R&D,Base Electrolysis,24,Simple electrolysis,GHG,21.391958531623178,gCO2e/gH2
No R&D Spending,Electrolysis R&D,No Electrolysis R&D,Base Electrolysis,24,Simple electrolysis,Jobs,8.329647648533098e-05,job/gH2
No R&D Spending,Electrolysis R&D,No Electrolysis R&D,Base Electrolysis,25,Simple electrolysis,Cost,0.1021214436044039,USD/gH2
No R&D Spending,Electrolysis R&D,No Electrolysis R&D,Base Electrolysis,25,Simple electrolysis,GHG,21.391958531623178,gCO2e/gH2
No R&D Spending,Electrolysis R&D,No Electrolysis R&D,Base Electrolysis,25,Simple electrolysis,Jobs,8.329647648533098e-05,job/gH2
No R&D Spending,Electrolysis R&D,No Electrolysis R&D,Base Electrolysis,26,Simple electrolysis,Cost,0.1021214436044039,USD/gH2
No R&D Spending,Electrolysis R&D,No Electrolysis R&D,Base Electrolysis,26,Simple electrolysis,GHG,21.391958531623178,gCO2e/gH2
No R&D Spending,Electrolysis R&D,No Electrolysis R&D,Base Electrolysis,26,Simple electrolysis,Jobs,8.329647648533098e-05,job/gH2
No R&D Spending,Electrolysis R&D,No Electrolysis R&D,Base Electrolysis,27,Simple electrolysis,Cost,0.1021214436044039,USD/gH2
No R&D Spending,Electrolysis R&D,No Electrolysis R&D,Base Electrolysis,27,Simple electrolysis,GHG,21.391958531623178,gCO2e/gH2
No R&D Spending,Electrolysis R&D,No Electrolysis R&D,Base Electrolysis,27,Simple electrolysis,Jobs,8.329647648533098e-05,job/gH2
No R&D Spending,Electrolysis R&D,No Electrolysis R&D,Base Electrolysis,28,Simple electrolysis,Cost,0.1021214436044039,USD/gH2
No R&D Spending,Electrolysis R&D,No Electrolysis R&D,Base Electrolysis,28,Simple electrolysis,GHG,21.391958531623178,gCO2e/gH2
No R&D Spending,Electrolysis R&D,No Electrolysis R&D,Base Electrolysis,28,Simple electrolysis,Jobs,8.329647648533098e-05,job/gH2
No R&D Spending,Electrolysis R&D,No Electrolysis R&D,Base Electrolysis,29,Simple electrolysis,Cost,0.1021214436044039,USD/gH2
No R&D Spending,Electrolysis R&D,No Electrolysis R&D,Base Electrolysis,29,Simple electrolysis,GHG,21.391958531623178,gCO2e/gH2
No R&D Spending,Electrolysis R&D,No Electrolysis R&D,Base Electrolysis,29,Simple electrolysis,Jobs,8.329647648533098e-05,job/gH2
No R&D Spending,Electrolysis R&D,No Electrolysis R&D,Base Electrolysis,30,Simple electrolysis,Cost,0.1021214436044039,USD/gH2
No R&D Spending,Electrolysis R&D,No Electrolysis R&D,Base Electrolysis,30,Simple electrolysis,GHG,21.391958531623178,gCO2e/gH2
No R&D Spending,Electrolysis R&D,No Electrolysis R&D,Base Electrolysis,30,Simple electrolysis,Jobs,8.329647648533098e-05,job/gH2
No R&D Spending,Electrolysis R&D,No Electrolysis R&D,Base Electrolysis,31,Simple electrolysis,Cost,0.1021214436044039,USD/gH2
No R&D Spending,Electrolysis R&D,No Electrolysis R&D,Base Electrolysis,31,Simple electrolysis,GHG,21.391958531623178,gCO2e/gH2
No R&D Spending,Electrolysis R&D,No Electrolysis R&D,Base Electrolysis,31,Simple electrolysis,Jobs,8.329647648533098e-05,job/gH2
No R&D Spending,Electrolysis R&D,No Electrolysis R&D,Base Electrolysis,32,Simple electrolysis,Cost,0.1021214436044039,USD/gH2
No R&D Spending,Electrolysis R&D,No Electrolysis R&D,Base Electrolysis,32,Simple electrolysis,GHG,21.391958531623178,gCO2e/gH2
No R&D Spending,Electrolysis R&D,No Electrolysis R&D,Base Electrolysis,32,Simple electrolysis,Jobs,8.329647648533098e-05,job/gH2
No R&D Spending,Electrolysis R&D,No Electrolysis R&D,Base Electrolysis,33,Simple electrolysis,Cost,0.1021214436044039,USD/gH2
No R&D Spending,Electrolysis R&D,No Electrolysis R&D,Base Electrolysis,33,Simple electrolysis,GHG,21.391958531623178,gCO2e/gH2
No R&D Spending,Electrolysis R&D,No Electrolysis R&D,Base Electrolysis,33,Simple electrolysis,Jobs,8.329647648533098e-05,job/gH2
No R&D Spending,Electrolysis R&D,No Electrolysis R&D,Base Electrolysis,34,Simple electrolysis,Cost,0.1021214436044039,USD/gH2
No R&D Spending,Electrolysis R&D,No Electrolysis R&D,Base Electrolysis,34,Simple electrolysis,GHG,21.391958531623178,gCO2e/gH2
No R&D Spending,Electrolysis R&D,No Electrolysis R&D,Base Electrolysis,34,Simple electrolysis,Jobs,8.329647648533098e-05,job/gH2
No R&D Spending,Electrolysis R&D,No Electrolysis R&D,Base Electrolysis,35,Simple electrolysis,Cost,0.1021214436044039,USD/gH2
No R&D Spending,Electrolysis R&D,No Electrolysis R&D,Base Electrolysis,35,Simple electrolysis,GHG,21.391958531623178,gCO2e/gH2
No R&D Spending,Electrolysis R&D,No Electrolysis R&D,Base Electrolysis,35,Simple electrolysis,Jobs,8.329647648533098e-05,job/gH2
No R&D Spending,Electrolysis R&D,No Electrolysis R&D,Base Electrolysis,36,Simple electrolysis,Cost,0.1021214436044039,USD/gH2
No R&D Spending,Electrolysis R&D,No Electrolysis R&D,Base Electrolysis,36,Simple electrolysis,GHG,21.391958531623178,gCO2e/gH2
No R&D Spending,Electrolysis R&D,No Electrolysis R&D,Base Electrolysis,36,Simple electrolysis,Jobs,8.329647648533098e-05,job/gH2
No R&D Spending,Electrolysis R&D,No Electrolysis R&D,Base Electrolysis,37,Simple electrolysis,Cost,0.1021214436044039,USD/gH2
No R&D Spending,Electrolysis R&D,No Electrolysis R&D,Base Electrolysis,37,Simple electrolysis,GHG,21.391958531623178,gCO2e/gH2
No R&D Spending,Electrolysis R&D,No Electrolysis R&D,Base Electrolysis,37,Simple electrolysis,Jobs,8.329647648533098e-05,job/gH2
No R&D Spending,Electrolysis R&D,No Electrolysis R&D,Base Electrolysis,38,Simple electrolysis,Cost,0.1021214436044039,USD/gH2
No R&D Spending,Electrolysis R&D,No Electrolysis R&D,Base Electrolysis,38,Simple electrolysis,GHG,21.391958531623178,gCO2e/gH2
No R&D Spending,Electrolysis R&D,No Electrolysis R&D,Base Electrolysis,38,Simple electrolysis,Jobs,8.329647648533098e-05,job/gH2
No R&D Spending,Electrolysis R&D,No Electrolysis R&D,Base Electrolysis,39,Simple electrolysis,Cost,0.1021214436044039,USD/gH2
No R&D Spending,Electrolysis R&D,No Electrolysis R&D,Base Electrolysis,39,Simple electrolysis,GHG,21.391958531623178,gCO2e/gH2
No R&D Spending,Electrolysis R&D,No Electrolysis R&D,Base Electrolysis,39,Simple electrolysis,Jobs,8.329647648533098e-05,job/gH2
No R&D Spending,Electrolysis R&D,No Electrolysis R&D,Base Electrolysis,40,Simple electrolysis,Cost,0.1021214436044039,USD/gH2
No R&D Spending,Electrolysis R&D,No Electrolysis R&D,Base Electrolysis,40,Simple electrolysis,GHG,21.391958531623178,gCO2e/gH2
No R&D Spending,Electrolysis R&D,No Electrolysis R&D,Base Electrolysis,40,Simple electrolysis,Jobs,8.329647648533098e-05,job/gH2
No R&D Spending,Electrolysis R&D,No Electrolysis R&D,Base Electrolysis,41,Simple electrolysis,Cost,0.1021214436044039,USD/gH2
No R&D Spending,Electrolysis R&D,No Electrolysis R&D,Base Electrolysis,41,Simple electrolysis,GHG,21.391958531623178,gCO2e/gH2
No R&D Spending,Electrolysis R&D,No Electrolysis R&D,Base Electrolysis,41,Simple electrolysis,Jobs,8.329647648533098e-05,job/gH2
No R&D Spending,Electrolysis R&D,No Electrolysis R&D,Base Electrolysis,42,Simple electrolysis,Cost,0.1021214436044039,USD/gH2
No R&D Spending,Electrolysis R&D,No Electrolysis R&D,Base Electrolysis,42,Simple electrolysis,GHG,21.391958531623178,gCO2e/gH2
No R&D Spending,Electrolysis R&D,No Electrolysis R&D,Base Electrolysis,42,Simple electrolysis,Jobs,8.329647648533098e-05,job/gH2
No R&D Spending,Electrolysis R&D,No Electrolysis R&D,Base Electrolysis,43,Simple electrolysis,Cost,0.1021214436044039,USD/gH2
No R&D Spending,Electrolysis R&D,No Electrolysis R&D,Base Electrolysis,43,Simple electrolysis,GHG,21.391958531623178,gCO2e/gH2
No R&D Spending,Electrolysis R&D,No Electrolysis R&D,Base Electrolysis,43,Simple electrolysis,Jobs,8.329647648533098e-05,job/gH2
No R&D Spending,Electrolysis R&D,No Electrolysis R&D,Base Electrolysis,44,Simple electrolysis,Cost,0.1021214436044039,USD/gH2
No R&D Spending,Electrolysis R&D,No Electrolysis R&D,Base Electrolysis,44,Simple electrolysis,GHG,21.391958531623178,gCO2e/gH2
No R&D Spending,Electrolysis R&D,No Electrolysis R&D,Base Electrolysis,44,Simple electrolysis,Jobs,8.329647648533098e-05,job/gH2
No R&D Spending,Electrolysis R&D,No Electrolysis R&D,Base Electrolysis,45,Simple electrolysis,Cost,0.1021214436044039,USD/gH2
No R&D Spending,Electrolysis R&D,No Electrolysis R&D,Base Electrolysis,45,Simple electrolysis,GHG,21.391958531623178,gCO2e/gH2
No R&D Spending,Electrolysis R&D,No Electrolysis R&D,Base Electrolysis,45,Simple electrolysis,Jobs,8.329647648533098e-05,job/gH2
No R&D Spending,Electrolysis R&D,No Electrolysis R&D,Base Electrolysis,46,Simple electrolysis,Cost,0.1021214436044039,USD/gH2
No R&D Spending,Electrolysis R&D,No Electrolysis R&D,Base Electrolysis,46,Simple electrolysis,GHG,21.391958531623178,gCO2e/gH2
No R&D Spending,Electrolysis R&D,No Electrolysis R&D,Base Electrolysis,46,Simple electrolysis,Jobs,8.329647648533098e-05,job/gH2
No R&D Spending,Electrolysis R&D,No Electrolysis R&D,Base Electrolysis,47,Simple electrolysis,Cost,0.1021214436044039,USD/gH2
No R&D Spending,Electrolysis R&D,No Electrolysis R&D,Base Electrolysis,47,Simple electrolysis,GHG,21.391958531623178,gCO2e/gH2
No R&D Spending,Electrolysis R&D,No Electrolysis R&D,Base Electrolysis,47,Simple electrolysis,Jobs,8.329647648533098e-05,job/gH2
No R&D Spending,Electrolysis R&D,No Electrolysis R&D,Base Electrolysis,48,Simple electrolysis,Cost,0.1021214436044039,USD/gH2
No R&D Spending,Electrolysis R&D,No Electrolysis R&D,Base Electrolysis,48,Simple electrolysis,GHG,21.391958531623178,gCO2e/gH2
No R&D Spending,Electrolysis R&D,No Electrolysis R&D,Base Electrolysis,48,Simple electrolysis,Jobs,8.329647648533098e-05,job/gH2
No R&D Spending,Electrolysis R&D,No Electrolysis R&D,Base Electrolysis,49,Simple electrolysis,Cost,0.1021214436044039,USD/gH2
No R&D Spending,Electrolysis R&D,No Electrolysis R&D,Base Electrolysis,49,Simple electrolysis,GHG,21.391958531623178,gCO2e/gH2
No R&D Spending,Electrolysis R&D,No Electrolysis R&D,Base Electrolysis,49,Simple electrolysis,Jobs,8.329647648533098e-05,job/gH2
No R&D Spending,Electrolysis R&D,No Electrolysis R&D,Base Electrolysis,50,Simple electrolysis,Cost,0.1021214436044039,USD/gH2
No R&D Spending,Electrolysis R&D,No Electrolysis R&D,Base Electrolysis,50,Simple electrolysis,GHG,21.391958531623178,gCO2e/gH2
No R&D Spending,Electrolysis R&D,No Electrolysis R&D,Base Electrolysis,50,Simple electrolysis,Jobs,8.329647648533098e-05,job/gH2
High R&D Spending,Electrolysis R&D,High Electrolysis R&D,Fast Progress on Electrolysis,1,Simple electrolysis,Cost,0.09720277228265305,USD/gH2
High R&D Spending,Electrolysis R&D,High Electrolysis R&D,Fast Progress on Electrolysis,1,Simple electrolysis,GHG,20.509349342836,gCO2e/gH2
High R&D Spending,Electrolysis R&D,High Electrolysis R&D,Fast Progress on Electrolysis,1,Simple electrolysis,Jobs,7.985975350221243e-05,job/gH2
High R&D Spending,Electrolysis R&D,High Electrolysis R&D,Fast Progress on Electrolysis,2,Simple electrolysis,Cost,0.09744965012258391,USD/gH2
High R&D Spending,Electrolysis R&D,High Electrolysis R&D,Fast Progress on Electrolysis,2,Simple electrolysis,GHG,20.444698069269144,gCO2e/gH2
High R&D Spending,Electrolysis R&D,High Electrolysis R&D,Fast Progress on Electrolysis,2,Simple electrolysis,Jobs,7.960801295772478e-05,job/gH2
High R&D Spending,Electrolysis R&D,High Electrolysis R&D,Fast Progress on Electrolysis,3,Simple electrolysis,Cost,0.09749231447652516,USD/gH2
High R&D Spending,Electrolysis R&D,High Electrolysis R&D,Fast Progress on Electrolysis,3,Simple electrolysis,GHG,20.623487026322533,gCO2e/gH2
High R&D Spending,Electrolysis R&D,High Electrolysis R&D,Fast Progress on Electrolysis,3,Simple electrolysis,Jobs,8.03041853130993e-05,job/gH2
High R&D Spending,Electrolysis R&D,High Electrolysis R&D,Fast Progress on Electrolysis,4,Simple electrolysis,Cost,0.09845651755220372,USD/gH2
High R&D Spending,Electrolysis R&D,High Electrolysis R&D,Fast Progress on Electrolysis,4,Simple electrolysis,GHG,20.66925162780209,gCO2e/gH2
High R&D Spending,Electrolysis R&D,High Electrolysis R&D,Fast Progress on Electrolysis,4,Simple electrolysis,Jobs,8.048238452030921e-05,job/gH2
High R&D Spending,Electrolysis R&D,High Electrolysis R&D,Fast Progress on Electrolysis,5,Simple electrolysis,Cost,0.10025559360255062,USD/gH2
High R&D Spending,Electrolysis R&D,High Electrolysis R&D,Fast Progress on Electrolysis,5,Simple electrolysis,GHG,21.080666714162092,gCO2e/gH2
High R&D Spending,Electrolysis R&D,High Electrolysis R&D,Fast Progress on Electrolysis,5,Simple electrolysis,Jobs,8.208436159108731e-05,job/gH2
High R&D Spending,Electrolysis R&D,High Electrolysis R&D,Fast Progress on Electrolysis,6,Simple electrolysis,Cost,0.09790889286698469,USD/gH2
High R&D Spending,Electrolysis R&D,High Electrolysis R&D,Fast Progress on Electrolysis,6,Simple electrolysis,GHG,20.62083004750127,gCO2e/gH2
High R&D Spending,Electrolysis R&D,High Electrolysis R&D,Fast Progress on Electrolysis,6,Simple electrolysis,Jobs,8.029383951079325e-05,job/gH2
High R&D Spending,Electrolysis R&D,High Electrolysis R&D,Fast Progress on Electrolysis,7,Simple electrolysis,Cost,0.09801949044370575,USD/gH2
High R&D Spending,Electrolysis R&D,High Electrolysis R&D,Fast Progress on Electrolysis,7,Simple electrolysis,GHG,20.641820732461962,gCO2e/gH2
High R&D Spending,Electrolysis R&D,High Electrolysis R&D,Fast Progress on Electrolysis,7,Simple electrolysis,Jobs,8.037557349946263e-05,job/gH2
High R&D Spending,Electrolysis R&D,High Electrolysis R&D,Fast Progress on Electrolysis,8,Simple electrolysis,Cost,0.09788236600768087,USD/gH2
High R&D Spending,Electrolysis R&D,High Electrolysis R&D,Fast Progress on Electrolysis,8,Simple electrolysis,GHG,20.624139871929486,gCO2e/gH2
High R&D Spending,Electrolysis R&D,High Electrolysis R&D,Fast Progress on Electrolysis,8,Simple electrolysis,Jobs,8.030672737761704e-05,job/gH2
High R&D Spending,Electrolysis R&D,High Electrolysis R&D,Fast Progress on Electrolysis,9,Simple electrolysis,Cost,0.10014769498614899,USD/gH2
High R&D Spending,Electrolysis R&D,High Electrolysis R&D,Fast Progress on Electrolysis,9,Simple electrolysis,GHG,21.036866978390613,gCO2e/gH2
High R&D Spending,Electrolysis R&D,High Electrolysis R&D,Fast Progress on Electrolysis,9,Simple electrolysis,Jobs,8.191381322099022e-05,job/gH2
High R&D Spending,Electrolysis R&D,High Electrolysis R&D,Fast Progress on Electrolysis,10,Simple electrolysis,Cost,0.09842221010869898,USD/gH2
High R&D Spending,Electrolysis R&D,High Electrolysis R&D,Fast Progress on Electrolysis,10,Simple electrolysis,GHG,20.582036246800833,gCO2e/gH2
High R&D Spending,Electrolysis R&D,High Electrolysis R&D,Fast Progress on Electrolysis,10,Simple electrolysis,Jobs,8.014278336027558e-05,job/gH2
High R&D Spending,Electrolysis R&D,High Electrolysis R&D,Fast Progress on Electrolysis,11,Simple electrolysis,Cost,0.09663702823514118,USD/gH2
High R&D Spending,Electrolysis R&D,High Electrolysis R&D,Fast Progress on Electrolysis,11,Simple electrolysis,GHG,20.327093862029166,gCO2e/gH2
High R&D Spending,Electrolysis R&D,High Electrolysis R&D,Fast Progress on Electrolysis,11,Simple electrolysis,Jobs,7.915008312075076e-05,job/gH2
High R&D Spending,Electrolysis R&D,High Electrolysis R&D,Fast Progress on Electrolysis,12,Simple electrolysis,Cost,0.0985741057304508,USD/gH2
High R&D Spending,Electrolysis R&D,High Electrolysis R&D,Fast Progress on Electrolysis,12,Simple electrolysis,GHG,20.71342519593129,gCO2e/gH2
High R&D Spending,Electrolysis R&D,High Electrolysis R&D,Fast Progress on Electrolysis,12,Simple electrolysis,Jobs,8.065438852702546e-05,job/gH2
High R&D Spending,Electrolysis R&D,High Electrolysis R&D,Fast Progress on Electrolysis,13,Simple electrolysis,Cost,0.0962340019665272,USD/gH2
High R&D Spending,Electrolysis R&D,High Electrolysis R&D,Fast Progress on Electrolysis,13,Simple electrolysis,GHG,20.24472699677265,gCO2e/gH2
High R&D Spending,Electrolysis R&D,High Electrolysis R&D,Fast Progress on Electrolysis,13,Simple electrolysis,Jobs,7.882936121747726e-05,job/gH2
High R&D Spending,Electrolysis R&D,High Electrolysis R&D,Fast Progress on Electrolysis,14,Simple electrolysis,Cost,0.09762023416025135,USD/gH2
High R&D Spending,Electrolysis R&D,High Electrolysis R&D,Fast Progress on Electrolysis,14,Simple electrolysis,GHG,20.406981863932852,gCO2e/gH2
High R&D Spending,Electrolysis R&D,High Electrolysis R&D,Fast Progress on Electrolysis,14,Simple electrolysis,Jobs,7.946115277162886e-05,job/gH2
High R&D Spending,Electrolysis R&D,High Electrolysis R&D,Fast Progress on Electrolysis,15,Simple electrolysis,Cost,0.09941026635633692,USD/gH2
High R&D Spending,Electrolysis R&D,High Electrolysis R&D,Fast Progress on Electrolysis,15,Simple electrolysis,GHG,20.882820765702654,gCO2e/gH2
High R&D Spending,Electrolysis R&D,High Electrolysis R&D,Fast Progress on Electrolysis,15,Simple electrolysis,Jobs,8.13139847053427e-05,job/gH2
High R&D Spending,Electrolysis R&D,High Electrolysis R&D,Fast Progress on Electrolysis,16,Simple electrolysis,Cost,0.0982227244717369,USD/gH2
High R&D Spending,Electrolysis R&D,High Electrolysis R&D,Fast Progress on Electrolysis,16,Simple electrolysis,GHG,20.632355965848706,gCO2e/gH2
High R&D Spending,Electrolysis R&D,High Electrolysis R&D,Fast Progress on Electrolysis,16,Simple electrolysis,Jobs,8.033871938400262e-05,job/gH2
High R&D Spending,Electrolysis R&D,High Electrolysis R&D,Fast Progress on Electrolysis,17,Simple electrolysis,Cost,0.09805389781334743,USD/gH2
High R&D Spending,Electrolysis R&D,High Electrolysis R&D,Fast Progress on Electrolysis,17,Simple electrolysis,GHG,20.702426947845147,gCO2e/gH2
High R&D Spending,Electrolysis R&D,High Electrolysis R&D,Fast Progress on Electrolysis,17,Simple electrolysis,Jobs,8.061156330783232e-05,job/gH2
High R&D Spending,Electrolysis R&D,High Electrolysis R&D,Fast Progress on Electrolysis,18,Simple electrolysis,Cost,0.09794572596125443,USD/gH2
High R&D Spending,Electrolysis R&D,High Electrolysis R&D,Fast Progress on Electrolysis,18,Simple electrolysis,GHG,20.595930802942856,gCO2e/gH2
High R&D Spending,Electrolysis R&D,High Electrolysis R&D,Fast Progress on Electrolysis,18,Simple electrolysis,Jobs,8.019688628718839e-05,job/gH2
High R&D Spending,Electrolysis R&D,High Electrolysis R&D,Fast Progress on Electrolysis,19,Simple electrolysis,Cost,0.09688689335989029,USD/gH2
High R&D Spending,Electrolysis R&D,High Electrolysis R&D,Fast Progress on Electrolysis,19,Simple electrolysis,GHG,20.285245377621223,gCO2e/gH2
High R&D Spending,Electrolysis R&D,High Electrolysis R&D,Fast Progress on Electrolysis,19,Simple electrolysis,Jobs,7.898713257593365e-05,job/gH2
High R&D Spending,Electrolysis R&D,High Electrolysis R&D,Fast Progress on Electrolysis,20,Simple electrolysis,Cost,0.09591904701316768,USD/gH2
High R&D Spending,Electrolysis R&D,High Electrolysis R&D,Fast Progress on Electrolysis,20,Simple electrolysis,GHG,20.296166313728445,gCO2e/gH2
High R&D Spending,Electrolysis R&D,High Electrolysis R&D,Fast Progress on Electrolysis,20,Simple electrolysis,Jobs,7.90296567560506e-05,job/gH2
High R&D Spending,Electrolysis R&D,High Electrolysis R&D,Fast Progress on Electrolysis,21,Simple electrolysis,Cost,0.09762649311621657,USD/gH2
High R&D Spending,Electrolysis R&D,High Electrolysis R&D,Fast Progress on Electrolysis,21,Simple electrolysis,GHG,20.507659755207722,gCO2e/gH2
High R&D Spending,Electrolysis R&D,High Electrolysis R&D,Fast Progress on Electrolysis,21,Simple electrolysis,Jobs,7.985317454891366e-05,job/gH2
High R&D Spending,Electrolysis R&D,High Electrolysis R&D,Fast Progress on Electrolysis,22,Simple electrolysis,Cost,0.09666259467819927,USD/gH2
High R&D Spending,Electrolysis R&D,High Electrolysis R&D,Fast Progress on Electrolysis,22,Simple electrolysis,GHG,20.25290170743506,gCO2e/gH2
High R&D Spending,Electrolysis R&D,High Electrolysis R&D,Fast Progress on Electrolysis,22,Simple electrolysis,Jobs,7.886119208483143e-05,job/gH2
High R&D Spending,Electrolysis R&D,High Electrolysis R&D,Fast Progress on Electrolysis,23,Simple electrolysis,Cost,0.09907997861701788,USD/gH2
High R&D Spending,Electrolysis R&D,High Electrolysis R&D,Fast Progress on Electrolysis,23,Simple electrolysis,GHG,20.80056458362022,gCO2e/gH2
High R&D Spending,Electrolysis R&D,High Electrolysis R&D,Fast Progress on Electrolysis,23,Simple electrolysis,Jobs,8.099369378263574e-05,job/gH2
High R&D Spending,Electrolysis R&D,High Electrolysis R&D,Fast Progress on Electrolysis,24,Simple electrolysis,Cost,0.09722430659684549,USD/gH2
High R&D Spending,Electrolysis R&D,High Electrolysis R&D,Fast Progress on Electrolysis,24,Simple electrolysis,GHG,20.455700246059813,gCO2e/gH2
High R&D Spending,Electrolysis R&D,High Electrolysis R&D,Fast Progress on Electrolysis,24,Simple electrolysis,Jobs,7.965085347459361e-05,job/gH2
High R&D Spending,Electrolysis R&D,High Electrolysis R&D,Fast Progress on Electrolysis,25,Simple electrolysis,Cost,0.09856341662815331,USD/gH2
High R&D Spending,Electrolysis R&D,High Electrolysis R&D,Fast Progress on Electrolysis,25,Simple electrolysis,GHG,20.605290237263613,gCO2e/gH2
High R&D Spending,Electrolysis R&D,High Electrolysis R&D,Fast Progress on Electrolysis,25,Simple electrolysis,Jobs,8.023333025746172e-05,job/gH2
High R&D Spending,Electrolysis R&D,High Electrolysis R&D,Fast Progress on Electrolysis,26,Simple electrolysis,Cost,0.09759176392622058,USD/gH2
High R&D Spending,Electrolysis R&D,High Electrolysis R&D,Fast Progress on Electrolysis,26,Simple electrolysis,GHG,20.547350391401512,gCO2e/gH2
High R&D Spending,Electrolysis R&D,High Electrolysis R&D,Fast Progress on Electrolysis,26,Simple electrolysis,Jobs,8.000772281711063e-05,job/gH2
High R&D Spending,Electrolysis R&D,High Electrolysis R&D,Fast Progress on Electrolysis,27,Simple electrolysis,Cost,0.09968753799271982,USD/gH2
High R&D Spending,Electrolysis R&D,High Electrolysis R&D,Fast Progress on Electrolysis,27,Simple electrolysis,GHG,20.916208566027066,gCO2e/gH2
High R&D Spending,Electrolysis R&D,High Electrolysis R&D,Fast Progress on Electrolysis,27,Simple electrolysis,Jobs,8.144399085323739e-05,job/gH2
High R&D Spending,Electrolysis R&D,High Electrolysis R&D,Fast Progress on Electrolysis,28,Simple electrolysis,Cost,0.09765878800738245,USD/gH2
High R&D Spending,Electrolysis R&D,High Electrolysis R&D,Fast Progress on Electrolysis,28,Simple electrolysis,GHG,20.570388093781855,gCO2e/gH2
High R&D Spending,Electrolysis R&D,High Electrolysis R&D,Fast Progress on Electrolysis,28,Simple electrolysis,Jobs,8.009742752702598e-05,job/gH2
High R&D Spending,Electrolysis R&D,High Electrolysis R&D,Fast Progress on Electrolysis,29,Simple electrolysis,Cost,0.09822415712536157,USD/gH2
High R&D Spending,Electrolysis R&D,High Electrolysis R&D,Fast Progress on Electrolysis,29,Simple electrolysis,GHG,20.626019301422193,gCO2e/gH2
High R&D Spending,Electrolysis R&D,High Electrolysis R&D,Fast Progress on Electrolysis,29,Simple electrolysis,Jobs,8.031404554132392e-05,job/gH2
High R&D Spending,Electrolysis R&D,High Electrolysis R&D,Fast Progress on Electrolysis,30,Simple electrolysis,Cost,0.09768445728998718,USD/gH2
High R&D Spending,Electrolysis R&D,High Electrolysis R&D,Fast Progress on Electrolysis,30,Simple electrolysis,GHG,20.422010490943183,gCO2e/gH2
High R&D Spending,Electrolysis R&D,High Electrolysis R&D,Fast Progress on Electrolysis,30,Simple electrolysis,Jobs,7.951967156851798e-05,job/gH2
High R&D Spending,Electrolysis R&D,High Electrolysis R&D,Fast Progress on Electrolysis,31,Simple electrolysis,Cost,0.09849386888549981,USD/gH2
High R&D Spending,Electrolysis R&D,High Electrolysis R&D,Fast Progress on Electrolysis,31,Simple electrolysis,GHG,20.747956624997123,gCO2e/gH2
High R&D Spending,Electrolysis R&D,High Electrolysis R&D,Fast Progress on Electrolysis,31,Simple electrolysis,Jobs,8.078884776155207e-05,job/gH2
High R&D Spending,Electrolysis R&D,High Electrolysis R&D,Fast Progress on Electrolysis,32,Simple electrolysis,Cost,0.09695789930042786,USD/gH2
High R&D Spending,Electrolysis R&D,High Electrolysis R&D,Fast Progress on Electrolysis,32,Simple electrolysis,GHG,20.34241847035419,gCO2e/gH2
High R&D Spending,Electrolysis R&D,High Electrolysis R&D,Fast Progress on Electrolysis,32,Simple electrolysis,Jobs,7.920975441616325e-05,job/gH2
High R&D Spending,Electrolysis R&D,High Electrolysis R&D,Fast Progress on Electrolysis,33,Simple electrolysis,Cost,0.09772066782214221,USD/gH2
High R&D Spending,Electrolysis R&D,High Electrolysis R&D,Fast Progress on Electrolysis,33,Simple electrolysis,GHG,20.622747622278265,gCO2e/gH2
High R&D Spending,Electrolysis R&D,High Electrolysis R&D,Fast Progress on Electrolysis,33,Simple electrolysis,Jobs,8.030130620544323e-05,job/gH2
High R&D Spending,Electrolysis R&D,High Electrolysis R&D,Fast Progress on Electrolysis,34,Simple electrolysis,Cost,0.09865614930595484,USD/gH2
High R&D Spending,Electrolysis R&D,High Electrolysis R&D,Fast Progress on Electrolysis,34,Simple electrolysis,GHG,20.712322455678727,gCO2e/gH2
High R&D Spending,Electrolysis R&D,High Electrolysis R&D,Fast Progress on Electrolysis,34,Simple electrolysis,Jobs,8.065009465288667e-05,job/gH2
High R&D Spending,Electrolysis R&D,High Electrolysis R&D,Fast Progress on Electrolysis,35,Simple electrolysis,Cost,0.09858886443973162,USD/gH2
High R&D Spending,Electrolysis R&D,High Electrolysis R&D,Fast Progress on Electrolysis,35,Simple electrolysis,GHG,20.645046495474954,gCO2e/gH2
High R&D Spending,Electrolysis R&D,High Electrolysis R&D,Fast Progress on Electrolysis,35,Simple electrolysis,Jobs,8.038813404610736e-05,job/gH2
High R&D Spending,Electrolysis R&D,High Electrolysis R&D,Fast Progress on Electrolysis,36,Simple electrolysis,Cost,0.09763415402942961,USD/gH2
High R&D Spending,Electrolysis R&D,High Electrolysis R&D,Fast Progress on Electrolysis,36,Simple electrolysis,GHG,20.54648569682483,gCO2e/gH2
High R&D Spending,Electrolysis R&D,High Electrolysis R&D,Fast Progress on Electrolysis,36,Simple electrolysis,Jobs,8.000435585043636e-05,job/gH2
High R&D Spending,Electrolysis R&D,High Electrolysis R&D,Fast Progress on Electrolysis,37,Simple electrolysis,Cost,0.09910426462064559,USD/gH2
High R&D Spending,Electrolysis R&D,High Electrolysis R&D,Fast Progress on Electrolysis,37,Simple electrolysis,GHG,20.73550359128116,gCO2e/gH2
High R&D Spending,Electrolysis R&D,High Electrolysis R&D,Fast Progress on Electrolysis,37,Simple electrolysis,Jobs,8.074035786622251e-05,job/gH2
High R&D Spending,Electrolysis R&D,High Electrolysis R&D,Fast Progress on Electrolysis,38,Simple electrolysis,Cost,0.0978723410919072,USD/gH2
High R&D Spending,Electrolysis R&D,High Electrolysis R&D,Fast Progress on Electrolysis,38,Simple electrolysis,GHG,20.47221323920872,gCO2e/gH2
High R&D Spending,Electrolysis R&D,High Electrolysis R&D,Fast Progress on Electrolysis,38,Simple electrolysis,Jobs,7.971515212885178e-05,job/gH2
High R&D Spending,Electrolysis R&D,High Electrolysis R&D,Fast Progress on Electrolysis,39,Simple electrolysis,Cost,0.09826150035733491,USD/gH2
High R&D Spending,Electrolysis R&D,High Electrolysis R&D,Fast Progress on Electrolysis,39,Simple electrolysis,GHG,20.594736507932534,gCO2e/gH2
High R&D Spending,Electrolysis R&D,High Electrolysis R&D,Fast Progress on Electrolysis,39,Simple electrolysis,Jobs,8.019223591512934e-05,job/gH2
High R&D Spending,Electrolysis R&D,High Electrolysis R&D,Fast Progress on Electrolysis,40,Simple electrolysis,Cost,0.09807332626457313,USD/gH2
High R&D Spending,Electrolysis R&D,High Electrolysis R&D,Fast Progress on Electrolysis,40,Simple electrolysis,GHG,20.610740767762582,gCO2e/gH2
High R&D Spending,Electrolysis R&D,High Electrolysis R&D,Fast Progress on Electrolysis,40,Simple electrolysis,Jobs,8.025455365245237e-05,job/gH2
High R&D Spending,Electrolysis R&D,High Electrolysis R&D,Fast Progress on Electrolysis,41,Simple electrolysis,Cost,0.09710512190908314,USD/gH2
High R&D Spending,Electrolysis R&D,High Electrolysis R&D,Fast Progress on Electrolysis,41,Simple electrolysis,GHG,20.451868657957295,gCO2e/gH2
High R&D Spending,Electrolysis R&D,High Electrolysis R&D,Fast Progress on Electrolysis,41,Simple electrolysis,Jobs,7.963593395295135e-05,job/gH2
High R&D Spending,Electrolysis R&D,High Electrolysis R&D,Fast Progress on Electrolysis,42,Simple electrolysis,Cost,0.0980633625835789,USD/gH2
High R&D Spending,Electrolysis R&D,High Electrolysis R&D,Fast Progress on Electrolysis,42,Simple electrolysis,GHG,20.600612618563062,gCO2e/gH2
High R&D Spending,Electrolysis R&D,High Electrolysis R&D,Fast Progress on Electrolysis,42,Simple electrolysis,Jobs,8.021511644335388e-05,job/gH2
High R&D Spending,Electrolysis R&D,High Electrolysis R&D,Fast Progress on Electrolysis,43,Simple electrolysis,Cost,0.09725892344739359,USD/gH2
High R&D Spending,Electrolysis R&D,High Electrolysis R&D,Fast Progress on Electrolysis,43,Simple electrolysis,GHG,20.45210864543505,gCO2e/gH2
High R&D Spending,Electrolysis R&D,High Electrolysis R&D,Fast Progress on Electrolysis,43,Simple electrolysis,Jobs,7.963686842144651e-05,job/gH2
High R&D Spending,Electrolysis R&D,High Electrolysis R&D,Fast Progress on Electrolysis,44,Simple electrolysis,Cost,0.09873323334111807,USD/gH2
High R&D Spending,Electrolysis R&D,High Electrolysis R&D,Fast Progress on Electrolysis,44,Simple electrolysis,GHG,20.604984567277242,gCO2e/gH2
High R&D Spending,Electrolysis R&D,High Electrolysis R&D,Fast Progress on Electrolysis,44,Simple electrolysis,Jobs,8.023214003297647e-05,job/gH2
High R&D Spending,Electrolysis R&D,High Electrolysis R&D,Fast Progress on Electrolysis,45,Simple electrolysis,Cost,0.09889851079544591,USD/gH2
High R&D Spending,Electrolysis R&D,High Electrolysis R&D,Fast Progress on Electrolysis,45,Simple electrolysis,GHG,20.777094345000197,gCO2e/gH2
High R&D Spending,Electrolysis R&D,High Electrolysis R&D,Fast Progress on Electrolysis,45,Simple electrolysis,Jobs,8.090230485364041e-05,job/gH2
High R&D Spending,Electrolysis R&D,High Electrolysis R&D,Fast Progress on Electrolysis,46,Simple electrolysis,Cost,0.09710006388236044,USD/gH2
High R&D Spending,Electrolysis R&D,High Electrolysis R&D,Fast Progress on Electrolysis,46,Simple electrolysis,GHG,20.241115668699774,gCO2e/gH2
High R&D Spending,Electrolysis R&D,High Electrolysis R&D,Fast Progress on Electrolysis,46,Simple electrolysis,Jobs,7.88152993491608e-05,job/gH2
High R&D Spending,Electrolysis R&D,High Electrolysis R&D,Fast Progress on Electrolysis,47,Simple electrolysis,Cost,0.09618158561315003,USD/gH2
High R&D Spending,Electrolysis R&D,High Electrolysis R&D,Fast Progress on Electrolysis,47,Simple electrolysis,GHG,20.2769236377647,gCO2e/gH2
High R&D Spending,Electrolysis R&D,High Electrolysis R&D,Fast Progress on Electrolysis,47,Simple electrolysis,Jobs,7.895472920308441e-05,job/gH2
High R&D Spending,Electrolysis R&D,High Electrolysis R&D,Fast Progress on Electrolysis,48,Simple electrolysis,Cost,0.09810190375075938,USD/gH2
High R&D Spending,Electrolysis R&D,High Electrolysis R&D,Fast Progress on Electrolysis,48,Simple electrolysis,GHG,20.584537550504102,gCO2e/gH2
High R&D Spending,Electrolysis R&D,High Electrolysis R&D,Fast Progress on Electrolysis,48,Simple electrolysis,Jobs,8.015252299139885e-05,job/gH2
High R&D Spending,Electrolysis R&D,High Electrolysis R&D,Fast Progress on Electrolysis,49,Simple electrolysis,Cost,0.09937234599300428,USD/gH2
High R&D Spending,Electrolysis R&D,High Electrolysis R&D,Fast Progress on Electrolysis,49,Simple electrolysis,GHG,20.84949386969566,gCO2e/gH2
High R&D Spending,Electrolysis R&D,High Electrolysis R&D,Fast Progress on Electrolysis,49,Simple electrolysis,Jobs,8.118421570801261e-05,job/gH2
High R&D Spending,Electrolysis R&D,High Electrolysis R&D,Fast Progress on Electrolysis,50,Simple electrolysis,Cost,0.0989333557604939,USD/gH2
High R&D Spending,Electrolysis R&D,High Electrolysis R&D,Fast Progress on Electrolysis,50,Simple electrolysis,GHG,20.733263045116473,gCO2e/gH2
High R&D Spending,Electrolysis R&D,High Electrolysis R&D,Fast Progress on Electrolysis,50,Simple electrolysis,Jobs,8.0731633578512e-05,job/gH2
Medium R&D Spending,Electrolysis R&D,Medium Electrolysis R&D,Moderate Progress on Electrolysis,1,Simple electrolysis,Cost,0.09780104479256788,USD/gH2
Medium R&D Spending,Electrolysis R&D,Medium Electrolysis R&D,Moderate Progress on Electrolysis,1,Simple electrolysis,GHG,20.505050958090433,gCO2e/gH2
Medium R&D Spending,Electrolysis R&D,Medium Electrolysis R&D,Moderate Progress on Electrolysis,1,Simple electrolysis,Jobs,7.984301635758143e-05,job/gH2
Medium R&D Spending,Electrolysis R&D,Medium Electrolysis R&D,Moderate Progress on Electrolysis,2,Simple electrolysis,Cost,0.09912898598189765,USD/gH2
Medium R&D Spending,Electrolysis R&D,Medium Electrolysis R&D,Moderate Progress on Electrolysis,2,Simple electrolysis,GHG,20.859239846033557,gCO2e/gH2
Medium R&D Spending,Electrolysis R&D,Medium Electrolysis R&D,Moderate Progress on Electrolysis,2,Simple electrolysis,Jobs,8.122216480405523e-05,job/gH2
Medium R&D Spending,Electrolysis R&D,Medium Electrolysis R&D,Moderate Progress on Electrolysis,3,Simple electrolysis,Cost,0.10044427486900023,USD/gH2
Medium R&D Spending,Electrolysis R&D,Medium Electrolysis R&D,Moderate Progress on Electrolysis,3,Simple electrolysis,GHG,20.959026734123192,gCO2e/gH2
Medium R&D Spending,Electrolysis R&D,Medium Electrolysis R&D,Moderate Progress on Electrolysis,3,Simple electrolysis,Jobs,8.161071717362978e-05,job/gH2
Medium R&D Spending,Electrolysis R&D,Medium Electrolysis R&D,Moderate Progress on Electrolysis,4,Simple electrolysis,Cost,0.096112528293275,USD/gH2
Medium R&D Spending,Electrolysis R&D,Medium Electrolysis R&D,Moderate Progress on Electrolysis,4,Simple electrolysis,GHG,20.209028530765536,gCO2e/gH2
Medium R&D Spending,Electrolysis R&D,Medium Electrolysis R&D,Moderate Progress on Electrolysis,4,Simple electrolysis,Jobs,7.869035774895764e-05,job/gH2
Medium R&D Spending,Electrolysis R&D,Medium Electrolysis R&D,Moderate Progress on Electrolysis,5,Simple electrolysis,Cost,0.09741184489001016,USD/gH2
Medium R&D Spending,Electrolysis R&D,Medium Electrolysis R&D,Moderate Progress on Electrolysis,5,Simple electrolysis,GHG,20.53581162816528,gCO2e/gH2
Medium R&D Spending,Electrolysis R&D,Medium Electrolysis R&D,Moderate Progress on Electrolysis,5,Simple electrolysis,Jobs,7.996279292819206e-05,job/gH2
Medium R&D Spending,Electrolysis R&D,Medium Electrolysis R&D,Moderate Progress on Electrolysis,6,Simple electrolysis,Cost,0.0968309762355382,USD/gH2
Medium R&D Spending,Electrolysis R&D,Medium Electrolysis R&D,Moderate Progress on Electrolysis,6,Simple electrolysis,GHG,20.41236439603677,gCO2e/gH2
Medium R&D Spending,Electrolysis R&D,Medium Electrolysis R&D,Moderate Progress on Electrolysis,6,Simple electrolysis,Jobs,7.94821113929801e-05,job/gH2
Medium R&D Spending,Electrolysis R&D,Medium Electrolysis R&D,Moderate Progress on Electrolysis,7,Simple electrolysis,Cost,0.09849754308871146,USD/gH2
Medium R&D Spending,Electrolysis R&D,Medium Electrolysis R&D,Moderate Progress on Electrolysis,7,Simple electrolysis,GHG,20.5746786029703,gCO2e/gH2
Medium R&D Spending,Electrolysis R&D,Medium Electrolysis R&D,Moderate Progress on Electrolysis,7,Simple electrolysis,Jobs,8.011413400564023e-05,job/gH2
Medium R&D Spending,Electrolysis R&D,Medium Electrolysis R&D,Moderate Progress on Electrolysis,8,Simple electrolysis,Cost,0.09947613855033802,USD/gH2
Medium R&D Spending,Electrolysis R&D,Medium Electrolysis R&D,Moderate Progress on Electrolysis,8,Simple electrolysis,GHG,21.02532688239644,gCO2e/gH2
Medium R&D Spending,Electrolysis R&D,Medium Electrolysis R&D,Moderate Progress on Electrolysis,8,Simple electrolysis,Jobs,8.18688781425496e-05,job/gH2
Medium R&D Spending,Electrolysis R&D,Medium Electrolysis R&D,Moderate Progress on Electrolysis,9,Simple electrolysis,Cost,0.09788593684630566,USD/gH2
Medium R&D Spending,Electrolysis R&D,Medium Electrolysis R&D,Moderate Progress on Electrolysis,9,Simple electrolysis,GHG,20.551460837002214,gCO2e/gH2
Medium R&D Spending,Electrolysis R&D,Medium Electrolysis R&D,Moderate Progress on Electrolysis,9,Simple electrolysis,Jobs,8.002372816018462e-05,job/gH2
Medium R&D Spending,Electrolysis R&D,Medium Electrolysis R&D,Moderate Progress on Electrolysis,10,Simple electrolysis,Cost,0.09644554287233,USD/gH2
Medium R&D Spending,Electrolysis R&D,Medium Electrolysis R&D,Moderate Progress on Electrolysis,10,Simple electrolysis,GHG,20.15869600239806,gCO2e/gH2
Medium R&D Spending,Electrolysis R&D,Medium Electrolysis R&D,Moderate Progress on Electrolysis,10,Simple electrolysis,Jobs,7.849437184802149e-05,job/gH2
Medium R&D Spending,Electrolysis R&D,Medium Electrolysis R&D,Moderate Progress on Electrolysis,11,Simple electrolysis,Cost,0.09709531512338188,USD/gH2
Medium R&D Spending,Electrolysis R&D,Medium Electrolysis R&D,Moderate Progress on Electrolysis,11,Simple electrolysis,GHG,20.30038207306361,gCO2e/gH2
Medium R&D Spending,Electrolysis R&D,Medium Electrolysis R&D,Moderate Progress on Electrolysis,11,Simple electrolysis,Jobs,7.904607217204957e-05,job/gH2
Medium R&D Spending,Electrolysis R&D,Medium Electrolysis R&D,Moderate Progress on Electrolysis,12,Simple electrolysis,Cost,0.09789983450219894,USD/gH2
Medium R&D Spending,Electrolysis R&D,Medium Electrolysis R&D,Moderate Progress on Electrolysis,12,Simple electrolysis,GHG,20.671493360304847,gCO2e/gH2
Medium R&D Spending,Electrolysis R&D,Medium Electrolysis R&D,Moderate Progress on Electrolysis,12,Simple electrolysis,Jobs,8.049111342740886e-05,job/gH2
Medium R&D Spending,Electrolysis R&D,Medium Electrolysis R&D,Moderate Progress on Electrolysis,13,Simple electrolysis,Cost,0.09802774178862574,USD/gH2
Medium R&D Spending,Electrolysis R&D,Medium Electrolysis R&D,Moderate Progress on Electrolysis,13,Simple electrolysis,GHG,20.48760117471249,gCO2e/gH2
Medium R&D Spending,Electrolysis R&D,Medium Electrolysis R&D,Moderate Progress on Electrolysis,13,Simple electrolysis,Jobs,7.977507000901938e-05,job/gH2
Medium R&D Spending,Electrolysis R&D,Medium Electrolysis R&D,Moderate Progress on Electrolysis,14,Simple electrolysis,Cost,0.09899220007253039,USD/gH2
Medium R&D Spending,Electrolysis R&D,Medium Electrolysis R&D,Moderate Progress on Electrolysis,14,Simple electrolysis,GHG,20.682906233111392,gCO2e/gH2
Medium R&D Spending,Electrolysis R&D,Medium Electrolysis R&D,Moderate Progress on Electrolysis,14,Simple electrolysis,Jobs,8.053555312141609e-05,job/gH2
Medium R&D Spending,Electrolysis R&D,Medium Electrolysis R&D,Moderate Progress on Electrolysis,15,Simple electrolysis,Cost,0.09921292226138836,USD/gH2
Medium R&D Spending,Electrolysis R&D,Medium Electrolysis R&D,Moderate Progress on Electrolysis,15,Simple electrolysis,GHG,20.832735372880425,gCO2e/gH2
Medium R&D Spending,Electrolysis R&D,Medium Electrolysis R&D,Moderate Progress on Electrolysis,15,Simple electrolysis,Jobs,8.111896110620342e-05,job/gH2
Medium R&D Spending,Electrolysis R&D,Medium Electrolysis R&D,Moderate Progress on Electrolysis,16,Simple electrolysis,Cost,0.09616168162772593,USD/gH2
Medium R&D Spending,Electrolysis R&D,Medium Electrolysis R&D,Moderate Progress on Electrolysis,16,Simple electrolysis,GHG,20.17404083343227,gCO2e/gH2
Medium R&D Spending,Electrolysis R&D,Medium Electrolysis R&D,Moderate Progress on Electrolysis,16,Simple electrolysis,Jobs,7.855412188706177e-05,job/gH2
Medium R&D Spending,Electrolysis R&D,Medium Electrolysis R&D,Moderate Progress on Electrolysis,17,Simple electrolysis,Cost,0.09714551004089221,USD/gH2
Medium R&D Spending,Electrolysis R&D,Medium Electrolysis R&D,Moderate Progress on Electrolysis,17,Simple electrolysis,GHG,20.380519307902702,gCO2e/gH2
Medium R&D Spending,Electrolysis R&D,Medium Electrolysis R&D,Moderate Progress on Electrolysis,17,Simple electrolysis,Jobs,7.935811229158824e-05,job/gH2
Medium R&D Spending,Electrolysis R&D,Medium Electrolysis R&D,Moderate Progress on Electrolysis,18,Simple electrolysis,Cost,0.09840146112329472,USD/gH2
Medium R&D Spending,Electrolysis R&D,Medium Electrolysis R&D,Moderate Progress on Electrolysis,18,Simple electrolysis,GHG,20.79787562240138,gCO2e/gH2
Medium R&D Spending,Electrolysis R&D,Medium Electrolysis R&D,Moderate Progress on Electrolysis,18,Simple electrolysis,Jobs,8.098322344656981e-05,job/gH2
Medium R&D Spending,Electrolysis R&D,Medium Electrolysis R&D,Moderate Progress on Electrolysis,19,Simple electrolysis,Cost,0.09871485412757759,USD/gH2
Medium R&D Spending,Electrolysis R&D,Medium Electrolysis R&D,Moderate Progress on Electrolysis,19,Simple electrolysis,GHG,20.64603676311486,gCO2e/gH2
Medium R&D Spending,Electrolysis R&D,Medium Electrolysis R&D,Moderate Progress on Electrolysis,19,Simple electrolysis,Jobs,8.039198997192453e-05,job/gH2
Medium R&D Spending,Electrolysis R&D,Medium Electrolysis R&D,Moderate Progress on Electrolysis,20,Simple electrolysis,Cost,0.09782156461161146,USD/gH2
Medium R&D Spending,Electrolysis R&D,Medium Electrolysis R&D,Moderate Progress on Electrolysis,20,Simple electrolysis,GHG,20.529965896596043,gCO2e/gH2
Medium R&D Spending,Electrolysis R&D,Medium Electrolysis R&D,Moderate Progress on Electrolysis,20,Simple electrolysis,Jobs,7.99400306906215e-05,job/gH2
Medium R&D Spending,Electrolysis R&D,Medium Electrolysis R&D,Moderate Progress on Electrolysis,21,Simple electrolysis,Cost,0.09626195039836535,USD/gH2
Medium R&D Spending,Electrolysis R&D,Medium Electrolysis R&D,Moderate Progress on Electrolysis,21,Simple electrolysis,GHG,20.088370676242135,gCO2e/gH2
Medium R&D Spending,Electrolysis R&D,Medium Electrolysis R&D,Moderate Progress on Electrolysis,21,Simple electrolysis,Jobs,7.822053755333497e-05,job/gH2
Medium R&D Spending,Electrolysis R&D,Medium Electrolysis R&D,Moderate Progress on Electrolysis,22,Simple electrolysis,Cost,0.09756722180836479,USD/gH2
Medium R&D Spending,Electrolysis R&D,Medium Electrolysis R&D,Moderate Progress on Electrolysis,22,Simple electrolysis,GHG,20.39673232636595,gCO2e/gH2
Medium R&D Spending,Electrolysis R&D,Medium Electrolysis R&D,Moderate Progress on Electrolysis,22,Simple electrolysis,Jobs,7.942124289784777e-05,job/gH2
Medium R&D Spending,Electrolysis R&D,Medium Electrolysis R&D,Moderate Progress on Electrolysis,23,Simple electrolysis,Cost,0.0977747966239796,USD/gH2
Medium R&D Spending,Electrolysis R&D,Medium Electrolysis R&D,Moderate Progress on Electrolysis,23,Simple electrolysis,GHG,20.546292141710037,gCO2e/gH2
Medium R&D Spending,Electrolysis R&D,Medium Electrolysis R&D,Moderate Progress on Electrolysis,23,Simple electrolysis,Jobs,8.000360218129268e-05,job/gH2
Medium R&D Spending,Electrolysis R&D,Medium Electrolysis R&D,Moderate Progress on Electrolysis,24,Simple electrolysis,Cost,0.09998303541900891,USD/gH2
Medium R&D Spending,Electrolysis R&D,Medium Electrolysis R&D,Moderate Progress on Electrolysis,24,Simple electrolysis,GHG,21.024549340760093,gCO2e/gH2
Medium R&D Spending,Electrolysis R&D,Medium Electrolysis R&D,Moderate Progress on Electrolysis,24,Simple electrolysis,Jobs,8.186585053390252e-05,job/gH2
Medium R&D Spending,Electrolysis R&D,Medium Electrolysis R&D,Moderate Progress on Electrolysis,25,Simple electrolysis,Cost,0.0999049884357508,USD/gH2
Medium R&D Spending,Electrolysis R&D,Medium Electrolysis R&D,Moderate Progress on Electrolysis,25,Simple electrolysis,GHG,20.902530172256473,gCO2e/gH2
Medium R&D Spending,Electrolysis R&D,Medium Electrolysis R&D,Moderate Progress on Electrolysis,25,Simple electrolysis,Jobs,8.139072962409913e-05,job/gH2
Medium R&D Spending,Electrolysis R&D,Medium Electrolysis R&D,Moderate Progress on Electrolysis,26,Simple electrolysis,Cost,0.09673820559137623,USD/gH2
Medium R&D Spending,Electrolysis R&D,Medium Electrolysis R&D,Moderate Progress on Electrolysis,26,Simple electrolysis,GHG,20.336517690568186,gCO2e/gH2
Medium R&D Spending,Electrolysis R&D,Medium Electrolysis R&D,Moderate Progress on Electrolysis,26,Simple electrolysis,Jobs,7.918677783064103e-05,job/gH2
Medium R&D Spending,Electrolysis R&D,Medium Electrolysis R&D,Moderate Progress on Electrolysis,27,Simple electrolysis,Cost,0.0989840807330616,USD/gH2
Medium R&D Spending,Electrolysis R&D,Medium Electrolysis R&D,Moderate Progress on Electrolysis,27,Simple electrolysis,GHG,20.80613004945082,gCO2e/gH2
Medium R&D Spending,Electrolysis R&D,Medium Electrolysis R&D,Moderate Progress on Electrolysis,27,Simple electrolysis,Jobs,8.10153647153371e-05,job/gH2
Medium R&D Spending,Electrolysis R&D,Medium Electrolysis R&D,Moderate Progress on Electrolysis,28,Simple electrolysis,Cost,0.09830941414958301,USD/gH2
Medium R&D Spending,Electrolysis R&D,Medium Electrolysis R&D,Moderate Progress on Electrolysis,28,Simple electrolysis,GHG,20.690766918917205,gCO2e/gH2
Medium R&D Spending,Electrolysis R&D,Medium Electrolysis R&D,Moderate Progress on Electrolysis,28,Simple electrolysis,Jobs,8.056616123190839e-05,job/gH2
Medium R&D Spending,Electrolysis R&D,Medium Electrolysis R&D,Moderate Progress on Electrolysis,29,Simple electrolysis,Cost,0.09711251697440708,USD/gH2
Medium R&D Spending,Electrolysis R&D,Medium Electrolysis R&D,Moderate Progress on Electrolysis,29,Simple electrolysis,GHG,20.3068969312687,gCO2e/gH2
Medium R&D Spending,Electrolysis R&D,Medium Electrolysis R&D,Moderate Progress on Electrolysis,29,Simple electrolysis,Jobs,7.907143986956467e-05,job/gH2
Medium R&D Spending,Electrolysis R&D,Medium Electrolysis R&D,Moderate Progress on Electrolysis,30,Simple electrolysis,Cost,0.09964382996980407,USD/gH2
Medium R&D Spending,Electrolysis R&D,Medium Electrolysis R&D,Moderate Progress on Electrolysis,30,Simple electrolysis,GHG,20.96268226021951,gCO2e/gH2
Medium R&D Spending,Electrolysis R&D,Medium Electrolysis R&D,Moderate Progress on Electrolysis,30,Simple electrolysis,Jobs,8.16249511411776e-05,job/gH2
Medium R&D Spending,Electrolysis R&D,Medium Electrolysis R&D,Moderate Progress on Electrolysis,31,Simple electrolysis,Cost,0.09805533427736608,USD/gH2
Medium R&D Spending,Electrolysis R&D,Medium Electrolysis R&D,Moderate Progress on Electrolysis,31,Simple electrolysis,GHG,20.693835834869954,gCO2e/gH2
Medium R&D Spending,Electrolysis R&D,Medium Electrolysis R&D,Moderate Progress on Electrolysis,31,Simple electrolysis,Jobs,8.057811104403595e-05,job/gH2
Medium R&D Spending,Electrolysis R&D,Medium Electrolysis R&D,Moderate Progress on Electrolysis,32,Simple electrolysis,Cost,0.09951213137634872,USD/gH2
Medium R&D Spending,Electrolysis R&D,Medium Electrolysis R&D,Moderate Progress on Electrolysis,32,Simple electrolysis,GHG,20.776342632065774,gCO2e/gH2
Medium R&D Spending,Electrolysis R&D,Medium Electrolysis R&D,Moderate Progress on Electrolysis,32,Simple electrolysis,Jobs,8.089937781735836e-05,job/gH2
Medium R&D Spending,Electrolysis R&D,Medium Electrolysis R&D,Moderate Progress on Electrolysis,33,Simple electrolysis,Cost,0.09759302180492553,USD/gH2
Medium R&D Spending,Electrolysis R&D,Medium Electrolysis R&D,Moderate Progress on Electrolysis,33,Simple electrolysis,GHG,20.588239084551585,gCO2e/gH2
Medium R&D Spending,Electrolysis R&D,Medium Electrolysis R&D,Moderate Progress on Electrolysis,33,Simple electrolysis,Jobs,8.016693610571422e-05,job/gH2
Medium R&D Spending,Electrolysis R&D,Medium Electrolysis R&D,Moderate Progress on Electrolysis,34,Simple electrolysis,Cost,0.09799406711560428,USD/gH2
Medium R&D Spending,Electrolysis R&D,Medium Electrolysis R&D,Moderate Progress on Electrolysis,34,Simple electrolysis,GHG,20.458690455394827,gCO2e/gH2
Medium R&D Spending,Electrolysis R&D,Medium Electrolysis R&D,Moderate Progress on Electrolysis,34,Simple electrolysis,Jobs,7.966249681716983e-05,job/gH2
Medium R&D Spending,Electrolysis R&D,Medium Electrolysis R&D,Moderate Progress on Electrolysis,35,Simple electrolysis,Cost,0.09711222353871043,USD/gH2
Medium R&D Spending,Electrolysis R&D,Medium Electrolysis R&D,Moderate Progress on Electrolysis,35,Simple electrolysis,GHG,20.429659700137293,gCO2e/gH2
Medium R&D Spending,Electrolysis R&D,Medium Electrolysis R&D,Moderate Progress on Electrolysis,35,Simple electrolysis,Jobs,7.954945622674957e-05,job/gH2
Medium R&D Spending,Electrolysis R&D,Medium Electrolysis R&D,Moderate Progress on Electrolysis,36,Simple electrolysis,Cost,0.1007884997315491,USD/gH2
Medium R&D Spending,Electrolysis R&D,Medium Electrolysis R&D,Moderate Progress on Electrolysis,36,Simple electrolysis,GHG,21.062960552269626,gCO2e/gH2
Medium R&D Spending,Electrolysis R&D,Medium Electrolysis R&D,Moderate Progress on Electrolysis,36,Simple electrolysis,Jobs,8.201541695025224e-05,job/gH2
Medium R&D Spending,Electrolysis R&D,Medium Electrolysis R&D,Moderate Progress on Electrolysis,37,Simple electrolysis,Cost,0.09820831087991094,USD/gH2
Medium R&D Spending,Electrolysis R&D,Medium Electrolysis R&D,Moderate Progress on Electrolysis,37,Simple electrolysis,GHG,20.61801461540394,gCO2e/gH2
Medium R&D Spending,Electrolysis R&D,Medium Electrolysis R&D,Moderate Progress on Electrolysis,37,Simple electrolysis,Jobs,8.028287671965169e-05,job/gH2
Medium R&D Spending,Electrolysis R&D,Medium Electrolysis R&D,Moderate Progress on Electrolysis,38,Simple electrolysis,Cost,0.09844127993463679,USD/gH2
Medium R&D Spending,Electrolysis R&D,Medium Electrolysis R&D,Moderate Progress on Electrolysis,38,Simple electrolysis,GHG,20.707288214792026,gCO2e/gH2
Medium R&D Spending,Electrolysis R&D,Medium Electrolysis R&D,Moderate Progress on Electrolysis,38,Simple electrolysis,Jobs,8.06304922155025e-05,job/gH2
Medium R&D Spending,Electrolysis R&D,Medium Electrolysis R&D,Moderate Progress on Electrolysis,39,Simple electrolysis,Cost,0.10029009447517123,USD/gH2
Medium R&D Spending,Electrolysis R&D,Medium Electrolysis R&D,Moderate Progress on Electrolysis,39,Simple electrolysis,GHG,21.152865345925395,gCO2e/gH2
Medium R&D Spending,Electrolysis R&D,Medium Electrolysis R&D,Moderate Progress on Electrolysis,39,Simple electrolysis,Jobs,8.236549020416193e-05,job/gH2
Medium R&D Spending,Electrolysis R&D,Medium Electrolysis R&D,Moderate Progress on Electrolysis,40,Simple electrolysis,Cost,0.10012993983530181,USD/gH2
Medium R&D Spending,Electrolysis R&D,Medium Electrolysis R&D,Moderate Progress on Electrolysis,40,Simple electrolysis,GHG,20.979498931946218,gCO2e/gH2
Medium R&D Spending,Electrolysis R&D,Medium Electrolysis R&D,Moderate Progress on Electrolysis,40,Simple electrolysis,Jobs,8.169043226573075e-05,job/gH2
Medium R&D Spending,Electrolysis R&D,Medium Electrolysis R&D,Moderate Progress on Electrolysis,41,Simple electrolysis,Cost,0.0992977523267649,USD/gH2
Medium R&D Spending,Electrolysis R&D,Medium Electrolysis R&D,Moderate Progress on Electrolysis,41,Simple electrolysis,GHG,20.803657757857707,gCO2e/gH2
Medium R&D Spending,Electrolysis R&D,Medium Electrolysis R&D,Moderate Progress on Electrolysis,41,Simple electrolysis,Jobs,8.100573805220354e-05,job/gH2
Medium R&D Spending,Electrolysis R&D,Medium Electrolysis R&D,Moderate Progress on Electrolysis,42,Simple electrolysis,Cost,0.0965527645768399,USD/gH2
Medium R&D Spending,Electrolysis R&D,Medium Electrolysis R&D,Moderate Progress on Electrolysis,42,Simple electrolysis,GHG,20.41626824975869,gCO2e/gH2
Medium R&D Spending,Electrolysis R&D,Medium Electrolysis R&D,Moderate Progress on Electrolysis,42,Simple electrolysis,Jobs,7.949731230407335e-05,job/gH2
Medium R&D Spending,Electrolysis R&D,Medium Electrolysis R&D,Moderate Progress on Electrolysis,43,Simple electrolysis,Cost,0.09637007453127641,USD/gH2
Medium R&D Spending,Electrolysis R&D,Medium Electrolysis R&D,Moderate Progress on Electrolysis,43,Simple electrolysis,GHG,20.056019095944624,gCO2e/gH2
Medium R&D Spending,Electrolysis R&D,Medium Electrolysis R&D,Moderate Progress on Electrolysis,43,Simple electrolysis,Jobs,7.809456626166801e-05,job/gH2
Medium R&D Spending,Electrolysis R&D,Medium Electrolysis R&D,Moderate Progress on Electrolysis,44,Simple electrolysis,Cost,0.09994431868898976,USD/gH2
Medium R&D Spending,Electrolysis R&D,Medium Electrolysis R&D,Moderate Progress on Electrolysis,44,Simple electrolysis,GHG,21.051052787614918,gCO2e/gH2
Medium R&D Spending,Electrolysis R&D,Medium Electrolysis R&D,Moderate Progress on Electrolysis,44,Simple electrolysis,Jobs,8.19690502355315e-05,job/gH2
Medium R&D Spending,Electrolysis R&D,Medium Electrolysis R&D,Moderate Progress on Electrolysis,45,Simple electrolysis,Cost,0.09684268619018489,USD/gH2
Medium R&D Spending,Electrolysis R&D,Medium Electrolysis R&D,Moderate Progress on Electrolysis,45,Simple electrolysis,GHG,20.27441115918711,gCO2e/gH2
Medium R&D Spending,Electrolysis R&D,Medium Electrolysis R&D,Moderate Progress on Electrolysis,45,Simple electrolysis,Jobs,7.894494605899085e-05,job/gH2
Medium R&D Spending,Electrolysis R&D,Medium Electrolysis R&D,Moderate Progress on Electrolysis,46,Simple electrolysis,Cost,0.09781242910359422,USD/gH2
Medium R&D Spending,Electrolysis R&D,Medium Electrolysis R&D,Moderate Progress on Electrolysis,46,Simple electrolysis,GHG,20.51949721543884,gCO2e/gH2
Medium R&D Spending,Electrolysis R&D,Medium Electrolysis R&D,Moderate Progress on Electrolysis,46,Simple electrolysis,Jobs,7.989926751073058e-05,job/gH2
Medium R&D Spending,Electrolysis R&D,Medium Electrolysis R&D,Moderate Progress on Electrolysis,47,Simple electrolysis,Cost,0.0992796035588123,USD/gH2
Medium R&D Spending,Electrolysis R&D,Medium Electrolysis R&D,Moderate Progress on Electrolysis,47,Simple electrolysis,GHG,20.88672815573265,gCO2e/gH2
Medium R&D Spending,Electrolysis R&D,Medium Electrolysis R&D,Moderate Progress on Electrolysis,47,Simple electrolysis,Jobs,8.132919938618979e-05,job/gH2
Medium R&D Spending,Electrolysis R&D,Medium Electrolysis R&D,Moderate Progress on Electrolysis,48,Simple electrolysis,Cost,0.10043823772910167,USD/gH2
Medium R&D Spending,Electrolysis R&D,Medium Electrolysis R&D,Moderate Progress on Electrolysis,48,Simple electrolysis,GHG,21.13615901909423,gCO2e/gH2
Medium R&D Spending,Electrolysis R&D,Medium Electrolysis R&D,Moderate Progress on Electrolysis,48,Simple electrolysis,Jobs,8.230043874297891e-05,job/gH2
Medium R&D Spending,Electrolysis R&D,Medium Electrolysis R&D,Moderate Progress on Electrolysis,49,Simple electrolysis,Cost,0.09856332482996567,USD/gH2
Medium R&D Spending,Electrolysis R&D,Medium Electrolysis R&D,Moderate Progress on Electrolysis,49,Simple electrolysis,GHG,20.71910846894622,gCO2e/gH2
Medium R&D Spending,Electrolysis R&D,Medium Electrolysis R&D,Moderate Progress on Electrolysis,49,Simple electrolysis,Jobs,8.067651817992041e-05,job/gH2
Medium R&D Spending,Electrolysis R&D,Medium Electrolysis R&D,Moderate Progress on Electrolysis,50,Simple electrolysis,Cost,0.09699735081863176,USD/gH2
Medium R&D Spending,Electrolysis R&D,Medium Electrolysis R&D,Moderate Progress on Electrolysis,50,Simple electrolysis,GHG,20.436862327138925,gCO2e/gH2
Medium R&D Spending,Electrolysis R&D,Medium Electrolysis R&D,Moderate Progress on Electrolysis,50,Simple electrolysis,Jobs,7.957750197346262e-05,job/gH2
Low R&D Spending,Electrolysis R&D,Low Electrolysis R&D,Slow Progress on Electrolysis,1,Simple electrolysis,Cost,0.10033109918587799,USD/gH2
Low R&D Spending,Electrolysis R&D,Low Electrolysis R&D,Slow Progress on Electrolysis,1,Simple electrolysis,GHG,21.160736825971256,gCO2e/gH2
Low R&D Spending,Electrolysis R&D,Low Electrolysis R&D,Slow Progress on Electrolysis,1,Simple electrolysis,Jobs,8.239614034550246e-05,job/gH2
Low R&D Spending,Electrolysis R&D,Low Electrolysis R&D,Slow Progress on Electrolysis,2,Simple electrolysis,Cost,0.0991669589711566,USD/gH2
Low R&D Spending,Electrolysis R&D,Low Electrolysis R&D,Slow Progress on Electrolysis,2,Simple electrolysis,GHG,20.749054831195505,gCO2e/gH2
Low R&D Spending,Electrolysis R&D,Low Electrolysis R&D,Slow Progress on Electrolysis,2,Simple electrolysis,Jobs,8.079312398089141e-05,job/gH2
Low R&D Spending,Electrolysis R&D,Low Electrolysis R&D,Slow Progress on Electrolysis,3,Simple electrolysis,Cost,0.10043820091339462,USD/gH2
Low R&D Spending,Electrolysis R&D,Low Electrolysis R&D,Slow Progress on Electrolysis,3,Simple electrolysis,GHG,20.952350404295917,gCO2e/gH2
Low R&D Spending,Electrolysis R&D,Low Electrolysis R&D,Slow Progress on Electrolysis,3,Simple electrolysis,Jobs,8.158472073437698e-05,job/gH2
Low R&D Spending,Electrolysis R&D,Low Electrolysis R&D,Slow Progress on Electrolysis,4,Simple electrolysis,Cost,0.10082378711526453,USD/gH2
Low R&D Spending,Electrolysis R&D,Low Electrolysis R&D,Slow Progress on Electrolysis,4,Simple electrolysis,GHG,21.249766859970393,gCO2e/gH2
Low R&D Spending,Electrolysis R&D,Low Electrolysis R&D,Slow Progress on Electrolysis,4,Simple electrolysis,Jobs,8.274280744110917e-05,job/gH2
Low R&D Spending,Electrolysis R&D,Low Electrolysis R&D,Slow Progress on Electrolysis,5,Simple electrolysis,Cost,0.09791077154574446,USD/gH2
Low R&D Spending,Electrolysis R&D,Low Electrolysis R&D,Slow Progress on Electrolysis,5,Simple electrolysis,GHG,20.592621256272487,gCO2e/gH2
Low R&D Spending,Electrolysis R&D,Low Electrolysis R&D,Slow Progress on Electrolysis,5,Simple electrolysis,Jobs,8.01839995019042e-05,job/gH2
Low R&D Spending,Electrolysis R&D,Low Electrolysis R&D,Slow Progress on Electrolysis,6,Simple electrolysis,Cost,0.09895343290036968,USD/gH2
Low R&D Spending,Electrolysis R&D,Low Electrolysis R&D,Slow Progress on Electrolysis,6,Simple electrolysis,GHG,20.879804854388897,gCO2e/gH2
Low R&D Spending,Electrolysis R&D,Low Electrolysis R&D,Slow Progress on Electrolysis,6,Simple electrolysis,Jobs,8.130224128383894e-05,job/gH2
Low R&D Spending,Electrolysis R&D,Low Electrolysis R&D,Slow Progress on Electrolysis,7,Simple electrolysis,Cost,0.09945444557884911,USD/gH2
Low R&D Spending,Electrolysis R&D,Low Electrolysis R&D,Slow Progress on Electrolysis,7,Simple electrolysis,GHG,20.815348561430408,gCO2e/gH2
Low R&D Spending,Electrolysis R&D,Low Electrolysis R&D,Slow Progress on Electrolysis,7,Simple electrolysis,Jobs,8.105125995911301e-05,job/gH2
Low R&D Spending,Electrolysis R&D,Low Electrolysis R&D,Slow Progress on Electrolysis,8,Simple electrolysis,Cost,0.0991540923216265,USD/gH2
Low R&D Spending,Electrolysis R&D,Low Electrolysis R&D,Slow Progress on Electrolysis,8,Simple electrolysis,GHG,20.87991918040959,gCO2e/gH2
Low R&D Spending,Electrolysis R&D,Low Electrolysis R&D,Slow Progress on Electrolysis,8,Simple electrolysis,Jobs,8.130268644900135e-05,job/gH2
Low R&D Spending,Electrolysis R&D,Low Electrolysis R&D,Slow Progress on Electrolysis,9,Simple electrolysis,Cost,0.09999788500133427,USD/gH2
Low R&D Spending,Electrolysis R&D,Low Electrolysis R&D,Slow Progress on Electrolysis,9,Simple electrolysis,GHG,20.866479724640293,gCO2e/gH2
Low R&D Spending,Electrolysis R&D,Low Electrolysis R&D,Slow Progress on Electrolysis,9,Simple electrolysis,Jobs,8.125035560188382e-05,job/gH2
Low R&D Spending,Electrolysis R&D,Low Electrolysis R&D,Slow Progress on Electrolysis,10,Simple electrolysis,Cost,0.09897330228881396,USD/gH2
Low R&D Spending,Electrolysis R&D,Low Electrolysis R&D,Slow Progress on Electrolysis,10,Simple electrolysis,GHG,20.77539392593608,gCO2e/gH2
Low R&D Spending,Electrolysis R&D,Low Electrolysis R&D,Slow Progress on Electrolysis,10,Simple electrolysis,Jobs,8.089568372465963e-05,job/gH2
Low R&D Spending,Electrolysis R&D,Low Electrolysis R&D,Slow Progress on Electrolysis,11,Simple electrolysis,Cost,0.09836959099295654,USD/gH2
Low R&D Spending,Electrolysis R&D,Low Electrolysis R&D,Slow Progress on Electrolysis,11,Simple electrolysis,GHG,20.80970864436295,gCO2e/gH2
Low R&D Spending,Electrolysis R&D,Low Electrolysis R&D,Slow Progress on Electrolysis,11,Simple electrolysis,Jobs,8.102929912655558e-05,job/gH2
Low R&D Spending,Electrolysis R&D,Low Electrolysis R&D,Slow Progress on Electrolysis,12,Simple electrolysis,Cost,0.10152930627848233,USD/gH2
Low R&D Spending,Electrolysis R&D,Low Electrolysis R&D,Slow Progress on Electrolysis,12,Simple electrolysis,GHG,21.27591105989912,gCO2e/gH2
Low R&D Spending,Electrolysis R&D,Low Electrolysis R&D,Slow Progress on Electrolysis,12,Simple electrolysis,Jobs,8.284460829919198e-05,job/gH2
Low R&D Spending,Electrolysis R&D,Low Electrolysis R&D,Slow Progress on Electrolysis,13,Simple electrolysis,Cost,0.0991767430801895,USD/gH2
Low R&D Spending,Electrolysis R&D,Low Electrolysis R&D,Slow Progress on Electrolysis,13,Simple electrolysis,GHG,20.831219077874593,gCO2e/gH2
Low R&D Spending,Electrolysis R&D,Low Electrolysis R&D,Slow Progress on Electrolysis,13,Simple electrolysis,Jobs,8.1113056923512e-05,job/gH2
Low R&D Spending,Electrolysis R&D,Low Electrolysis R&D,Slow Progress on Electrolysis,14,Simple electrolysis,Cost,0.09743017888609119,USD/gH2
Low R&D Spending,Electrolysis R&D,Low Electrolysis R&D,Slow Progress on Electrolysis,14,Simple electrolysis,GHG,20.44861914789988,gCO2e/gH2
Low R&D Spending,Electrolysis R&D,Low Electrolysis R&D,Slow Progress on Electrolysis,14,Simple electrolysis,Jobs,7.96232809395451e-05,job/gH2
Low R&D Spending,Electrolysis R&D,Low Electrolysis R&D,Slow Progress on Electrolysis,15,Simple electrolysis,Cost,0.09900009399620989,USD/gH2
Low R&D Spending,Electrolysis R&D,Low Electrolysis R&D,Slow Progress on Electrolysis,15,Simple electrolysis,GHG,20.843149549414818,gCO2e/gH2
Low R&D Spending,Electrolysis R&D,Low Electrolysis R&D,Slow Progress on Electrolysis,15,Simple electrolysis,Jobs,8.115951205480071e-05,job/gH2
Low R&D Spending,Electrolysis R&D,Low Electrolysis R&D,Slow Progress on Electrolysis,16,Simple electrolysis,Cost,0.10088989652526607,USD/gH2
Low R&D Spending,Electrolysis R&D,Low Electrolysis R&D,Slow Progress on Electrolysis,16,Simple electrolysis,GHG,21.19077858377606,gCO2e/gH2
Low R&D Spending,Electrolysis R&D,Low Electrolysis R&D,Slow Progress on Electrolysis,16,Simple electrolysis,Jobs,8.251311759977614e-05,job/gH2
Low R&D Spending,Electrolysis R&D,Low Electrolysis R&D,Slow Progress on Electrolysis,17,Simple electrolysis,Cost,0.09897294448144667,USD/gH2
Low R&D Spending,Electrolysis R&D,Low Electrolysis R&D,Slow Progress on Electrolysis,17,Simple electrolysis,GHG,20.787129489402624,gCO2e/gH2
Low R&D Spending,Electrolysis R&D,Low Electrolysis R&D,Slow Progress on Electrolysis,17,Simple electrolysis,Jobs,8.094137991862372e-05,job/gH2
Low R&D Spending,Electrolysis R&D,Low Electrolysis R&D,Slow Progress on Electrolysis,18,Simple electrolysis,Cost,0.09874546380639602,USD/gH2
Low R&D Spending,Electrolysis R&D,Low Electrolysis R&D,Slow Progress on Electrolysis,18,Simple electrolysis,GHG,20.75695799308213,gCO2e/gH2
Low R&D Spending,Electrolysis R&D,Low Electrolysis R&D,Slow Progress on Electrolysis,18,Simple electrolysis,Jobs,8.082389748567715e-05,job/gH2
Low R&D Spending,Electrolysis R&D,Low Electrolysis R&D,Slow Progress on Electrolysis,19,Simple electrolysis,Cost,0.10031411748592216,USD/gH2
Low R&D Spending,Electrolysis R&D,Low Electrolysis R&D,Slow Progress on Electrolysis,19,Simple electrolysis,GHG,21.01459487948522,gCO2e/gH2
Low R&D Spending,Electrolysis R&D,Low Electrolysis R&D,Slow Progress on Electrolysis,19,Simple electrolysis,Jobs,8.182708963464774e-05,job/gH2
Low R&D Spending,Electrolysis R&D,Low Electrolysis R&D,Slow Progress on Electrolysis,20,Simple electrolysis,Cost,0.09844582689556647,USD/gH2
Low R&D Spending,Electrolysis R&D,Low Electrolysis R&D,Slow Progress on Electrolysis,20,Simple electrolysis,GHG,20.866859839044146,gCO2e/gH2
Low R&D Spending,Electrolysis R&D,Low Electrolysis R&D,Slow Progress on Electrolysis,20,Simple electrolysis,Jobs,8.125183569967175e-05,job/gH2
Low R&D Spending,Electrolysis R&D,Low Electrolysis R&D,Slow Progress on Electrolysis,21,Simple electrolysis,Cost,0.10065611811030795,USD/gH2
Low R&D Spending,Electrolysis R&D,Low Electrolysis R&D,Slow Progress on Electrolysis,21,Simple electrolysis,GHG,20.979045080517803,gCO2e/gH2
Low R&D Spending,Electrolysis R&D,Low Electrolysis R&D,Slow Progress on Electrolysis,21,Simple electrolysis,Jobs,8.168866504910218e-05,job/gH2
Low R&D Spending,Electrolysis R&D,Low Electrolysis R&D,Slow Progress on Electrolysis,22,Simple electrolysis,Cost,0.09951064215386381,USD/gH2
Low R&D Spending,Electrolysis R&D,Low Electrolysis R&D,Slow Progress on Electrolysis,22,Simple electrolysis,GHG,20.892091904112018,gCO2e/gH2
Low R&D Spending,Electrolysis R&D,Low Electrolysis R&D,Slow Progress on Electrolysis,22,Simple electrolysis,Jobs,8.135008486706311e-05,job/gH2
Low R&D Spending,Electrolysis R&D,Low Electrolysis R&D,Slow Progress on Electrolysis,23,Simple electrolysis,Cost,0.10136256427611723,USD/gH2
Low R&D Spending,Electrolysis R&D,Low Electrolysis R&D,Slow Progress on Electrolysis,23,Simple electrolysis,GHG,21.269517304262603,gCO2e/gH2
Low R&D Spending,Electrolysis R&D,Low Electrolysis R&D,Slow Progress on Electrolysis,23,Simple electrolysis,Jobs,8.281971215350982e-05,job/gH2
Low R&D Spending,Electrolysis R&D,Low Electrolysis R&D,Slow Progress on Electrolysis,24,Simple electrolysis,Cost,0.0988329132147581,USD/gH2
Low R&D Spending,Electrolysis R&D,Low Electrolysis R&D,Slow Progress on Electrolysis,24,Simple electrolysis,GHG,20.745198159664685,gCO2e/gH2
Low R&D Spending,Electrolysis R&D,Low Electrolysis R&D,Slow Progress on Electrolysis,24,Simple electrolysis,Jobs,8.077810678884687e-05,job/gH2
Low R&D Spending,Electrolysis R&D,Low Electrolysis R&D,Slow Progress on Electrolysis,25,Simple electrolysis,Cost,0.09769666370919503,USD/gH2
Low R&D Spending,Electrolysis R&D,Low Electrolysis R&D,Slow Progress on Electrolysis,25,Simple electrolysis,GHG,20.307200900609732,gCO2e/gH2
Low R&D Spending,Electrolysis R&D,Low Electrolysis R&D,Slow Progress on Electrolysis,25,Simple electrolysis,Jobs,7.907262347203987e-05,job/gH2
Low R&D Spending,Electrolysis R&D,Low Electrolysis R&D,Slow Progress on Electrolysis,26,Simple electrolysis,Cost,0.09707543878785557,USD/gH2
Low R&D Spending,Electrolysis R&D,Low Electrolysis R&D,Slow Progress on Electrolysis,26,Simple electrolysis,GHG,20.37732867229341,gCO2e/gH2
Low R&D Spending,Electrolysis R&D,Low Electrolysis R&D,Slow Progress on Electrolysis,26,Simple electrolysis,Jobs,7.934568852479709e-05,job/gH2
Low R&D Spending,Electrolysis R&D,Low Electrolysis R&D,Slow Progress on Electrolysis,27,Simple electrolysis,Cost,0.09862646181851853,USD/gH2
Low R&D Spending,Electrolysis R&D,Low Electrolysis R&D,Slow Progress on Electrolysis,27,Simple electrolysis,GHG,20.60865647700529,gCO2e/gH2
Low R&D Spending,Electrolysis R&D,Low Electrolysis R&D,Slow Progress on Electrolysis,27,Simple electrolysis,Jobs,8.024643779546822e-05,job/gH2
Low R&D Spending,Electrolysis R&D,Low Electrolysis R&D,Slow Progress on Electrolysis,28,Simple electrolysis,Cost,0.09816477561765437,USD/gH2
Low R&D Spending,Electrolysis R&D,Low Electrolysis R&D,Slow Progress on Electrolysis,28,Simple electrolysis,GHG,20.72448177341266,gCO2e/gH2
Low R&D Spending,Electrolysis R&D,Low Electrolysis R&D,Slow Progress on Electrolysis,28,Simple electrolysis,Jobs,8.069744087049479e-05,job/gH2
Low R&D Spending,Electrolysis R&D,Low Electrolysis R&D,Slow Progress on Electrolysis,29,Simple electrolysis,Cost,0.0992852436904848,USD/gH2
Low R&D Spending,Electrolysis R&D,Low Electrolysis R&D,Slow Progress on Electrolysis,29,Simple electrolysis,GHG,20.817086901958902,gCO2e/gH2
Low R&D Spending,Electrolysis R&D,Low Electrolysis R&D,Slow Progress on Electrolysis,29,Simple electrolysis,Jobs,8.105802874752206e-05,job/gH2
Low R&D Spending,Electrolysis R&D,Low Electrolysis R&D,Slow Progress on Electrolysis,30,Simple electrolysis,Cost,0.09918855928106775,USD/gH2
Low R&D Spending,Electrolysis R&D,Low Electrolysis R&D,Slow Progress on Electrolysis,30,Simple electrolysis,GHG,20.898560233721675,gCO2e/gH2
Low R&D Spending,Electrolysis R&D,Low Electrolysis R&D,Slow Progress on Electrolysis,30,Simple electrolysis,Jobs,8.137527139051461e-05,job/gH2
Low R&D Spending,Electrolysis R&D,Low Electrolysis R&D,Slow Progress on Electrolysis,31,Simple electrolysis,Cost,0.09848820970672909,USD/gH2
Low R&D Spending,Electrolysis R&D,Low Electrolysis R&D,Slow Progress on Electrolysis,31,Simple electrolysis,GHG,20.800619727285955,gCO2e/gH2
Low R&D Spending,Electrolysis R&D,Low Electrolysis R&D,Slow Progress on Electrolysis,31,Simple electrolysis,Jobs,8.09939085022487e-05,job/gH2
Low R&D Spending,Electrolysis R&D,Low Electrolysis R&D,Slow Progress on Electrolysis,32,Simple electrolysis,Cost,0.09960859862105684,USD/gH2
Low R&D Spending,Electrolysis R&D,Low Electrolysis R&D,Slow Progress on Electrolysis,32,Simple electrolysis,GHG,20.891537798892905,gCO2e/gH2
Low R&D Spending,Electrolysis R&D,Low Electrolysis R&D,Slow Progress on Electrolysis,32,Simple electrolysis,Jobs,8.134792728002938e-05,job/gH2
Low R&D Spending,Electrolysis R&D,Low Electrolysis R&D,Slow Progress on Electrolysis,33,Simple electrolysis,Cost,0.10030723439759709,USD/gH2
Low R&D Spending,Electrolysis R&D,Low Electrolysis R&D,Slow Progress on Electrolysis,33,Simple electrolysis,GHG,20.950061765584813,gCO2e/gH2
Low R&D Spending,Electrolysis R&D,Low Electrolysis R&D,Slow Progress on Electrolysis,33,Simple electrolysis,Jobs,8.157580918285629e-05,job/gH2
Low R&D Spending,Electrolysis R&D,Low Electrolysis R&D,Slow Progress on Electrolysis,34,Simple electrolysis,Cost,0.09901260905185712,USD/gH2
Low R&D Spending,Electrolysis R&D,Low Electrolysis R&D,Slow Progress on Electrolysis,34,Simple electrolysis,GHG,20.779678269178277,gCO2e/gH2
Low R&D Spending,Electrolysis R&D,Low Electrolysis R&D,Slow Progress on Electrolysis,34,Simple electrolysis,Jobs,8.091236619417737e-05,job/gH2
Low R&D Spending,Electrolysis R&D,Low Electrolysis R&D,Slow Progress on Electrolysis,35,Simple electrolysis,Cost,0.09949804200481428,USD/gH2
Low R&D Spending,Electrolysis R&D,Low Electrolysis R&D,Slow Progress on Electrolysis,35,Simple electrolysis,GHG,20.78099967135908,gCO2e/gH2
Low R&D Spending,Electrolysis R&D,Low Electrolysis R&D,Slow Progress on Electrolysis,35,Simple electrolysis,Jobs,8.091751149891972e-05,job/gH2
Low R&D Spending,Electrolysis R&D,Low Electrolysis R&D,Slow Progress on Electrolysis,36,Simple electrolysis,Cost,0.09907531530982953,USD/gH2
Low R&D Spending,Electrolysis R&D,Low Electrolysis R&D,Slow Progress on Electrolysis,36,Simple electrolysis,GHG,20.694935688762865,gCO2e/gH2
Low R&D Spending,Electrolysis R&D,Low Electrolysis R&D,Slow Progress on Electrolysis,36,Simple electrolysis,Jobs,8.058239367920433e-05,job/gH2
Low R&D Spending,Electrolysis R&D,Low Electrolysis R&D,Slow Progress on Electrolysis,37,Simple electrolysis,Cost,0.10059165231957035,USD/gH2
Low R&D Spending,Electrolysis R&D,Low Electrolysis R&D,Slow Progress on Electrolysis,37,Simple electrolysis,GHG,21.129839976033622,gCO2e/gH2
Low R&D Spending,Electrolysis R&D,Low Electrolysis R&D,Slow Progress on Electrolysis,37,Simple electrolysis,Jobs,8.22758335147606e-05,job/gH2
Low R&D Spending,Electrolysis R&D,Low Electrolysis R&D,Slow Progress on Electrolysis,38,Simple electrolysis,Cost,0.09800481527508184,USD/gH2
Low R&D Spending,Electrolysis R&D,Low Electrolysis R&D,Slow Progress on Electrolysis,38,Simple electrolysis,GHG,20.697462940783804,gCO2e/gH2
Low R&D Spending,Electrolysis R&D,Low Electrolysis R&D,Slow Progress on Electrolysis,38,Simple electrolysis,Jobs,8.059223434845505e-05,job/gH2
Low R&D Spending,Electrolysis R&D,Low Electrolysis R&D,Slow Progress on Electrolysis,39,Simple electrolysis,Cost,0.100616205877263,USD/gH2
Low R&D Spending,Electrolysis R&D,Low Electrolysis R&D,Slow Progress on Electrolysis,39,Simple electrolysis,GHG,21.112077268147686,gCO2e/gH2
Low R&D Spending,Electrolysis R&D,Low Electrolysis R&D,Slow Progress on Electrolysis,39,Simple electrolysis,Jobs,8.220666869389815e-05,job/gH2
Low R&D Spending,Electrolysis R&D,Low Electrolysis R&D,Slow Progress on Electrolysis,40,Simple electrolysis,Cost,0.09903417726120398,USD/gH2
Low R&D Spending,Electrolysis R&D,Low Electrolysis R&D,Slow Progress on Electrolysis,40,Simple electrolysis,GHG,20.74329388568691,gCO2e/gH2
Low R&D Spending,Electrolysis R&D,Low Electrolysis R&D,Slow Progress on Electrolysis,40,Simple electrolysis,Jobs,8.077069188514008e-05,job/gH2
Low R&D Spending,Electrolysis R&D,Low Electrolysis R&D,Slow Progress on Electrolysis,41,Simple electrolysis,Cost,0.10174857795208847,USD/gH2
Low R&D Spending,Electrolysis R&D,Low Electrolysis R&D,Slow Progress on Electrolysis,41,Simple electrolysis,GHG,21.31861678842109,gCO2e/gH2
Low R&D Spending,Electrolysis R&D,Low Electrolysis R&D,Slow Progress on Electrolysis,41,Simple electrolysis,Jobs,8.301089679990877e-05,job/gH2
Low R&D Spending,Electrolysis R&D,Low Electrolysis R&D,Slow Progress on Electrolysis,42,Simple electrolysis,Cost,0.10025321103835708,USD/gH2
Low R&D Spending,Electrolysis R&D,Low Electrolysis R&D,Slow Progress on Electrolysis,42,Simple electrolysis,GHG,21.167443103153968,gCO2e/gH2
Low R&D Spending,Electrolysis R&D,Low Electrolysis R&D,Slow Progress on Electrolysis,42,Simple electrolysis,Jobs,8.242225339442353e-05,job/gH2
Low R&D Spending,Electrolysis R&D,Low Electrolysis R&D,Slow Progress on Electrolysis,43,Simple electrolysis,Cost,0.09837352004579387,USD/gH2
Low R&D Spending,Electrolysis R&D,Low Electrolysis R&D,Slow Progress on Electrolysis,43,Simple electrolysis,GHG,20.620764140312033,gCO2e/gH2
Low R&D Spending,Electrolysis R&D,Low Electrolysis R&D,Slow Progress on Electrolysis,43,Simple electrolysis,Jobs,8.029358287993683e-05,job/gH2
Low R&D Spending,Electrolysis R&D,Low Electrolysis R&D,Slow Progress on Electrolysis,44,Simple electrolysis,Cost,0.10014291790938548,USD/gH2
Low R&D Spending,Electrolysis R&D,Low Electrolysis R&D,Slow Progress on Electrolysis,44,Simple electrolysis,GHG,20.984107171472054,gCO2e/gH2
Low R&D Spending,Electrolysis R&D,Low Electrolysis R&D,Slow Progress on Electrolysis,44,Simple electrolysis,Jobs,8.170837592968912e-05,job/gH2
Low R&D Spending,Electrolysis R&D,Low Electrolysis R&D,Slow Progress on Electrolysis,45,Simple electrolysis,Cost,0.09896829104154206,USD/gH2
Low R&D Spending,Electrolysis R&D,Low Electrolysis R&D,Slow Progress on Electrolysis,45,Simple electrolysis,GHG,20.81418035321211,gCO2e/gH2
Low R&D Spending,Electrolysis R&D,Low Electrolysis R&D,Slow Progress on Electrolysis,45,Simple electrolysis,Jobs,8.104671116437589e-05,job/gH2
Low R&D Spending,Electrolysis R&D,Low Electrolysis R&D,Slow Progress on Electrolysis,46,Simple electrolysis,Cost,0.10114468863598859,USD/gH2
Low R&D Spending,Electrolysis R&D,Low Electrolysis R&D,Slow Progress on Electrolysis,46,Simple electrolysis,GHG,21.1659357195684,gCO2e/gH2
Low R&D Spending,Electrolysis R&D,Low Electrolysis R&D,Slow Progress on Electrolysis,46,Simple electrolysis,Jobs,8.241638391121543e-05,job/gH2
Low R&D Spending,Electrolysis R&D,Low Electrolysis R&D,Slow Progress on Electrolysis,47,Simple electrolysis,Cost,0.09749312038044043,USD/gH2
Low R&D Spending,Electrolysis R&D,Low Electrolysis R&D,Slow Progress on Electrolysis,47,Simple electrolysis,GHG,20.455474971516782,gCO2e/gH2
Low R&D Spending,Electrolysis R&D,Low Electrolysis R&D,Slow Progress on Electrolysis,47,Simple electrolysis,Jobs,7.964997629564579e-05,job/gH2
Low R&D Spending,Electrolysis R&D,Low Electrolysis R&D,Slow Progress on Electrolysis,48,Simple electrolysis,Cost,0.10050018193196764,USD/gH2
Low R&D Spending,Electrolysis R&D,Low Electrolysis R&D,Slow Progress on Electrolysis,48,Simple electrolysis,GHG,20.985673026111712,gCO2e/gH2
Low R&D Spending,Electrolysis R&D,Low Electrolysis R&D,Slow Progress on Electrolysis,48,Simple electrolysis,Jobs,8.171447308876778e-05,job/gH2
Low R&D Spending,Electrolysis R&D,Low Electrolysis R&D,Slow Progress on Electrolysis,49,Simple electrolysis,Cost,0.09851849968632163,USD/gH2
Low R&D Spending,Electrolysis R&D,Low Electrolysis R&D,Slow Progress on Electrolysis,49,Simple electrolysis,GHG,20.61910981844143,gCO2e/gH2
Low R&D Spending,Electrolysis R&D,Low Electrolysis R&D,Slow Progress on Electrolysis,49,Simple electrolysis,Jobs,8.028714124521741e-05,job/gH2
Low R&D Spending,Electrolysis R&D,Low Electrolysis R&D,Slow Progress on Electrolysis,50,Simple electrolysis,Cost,0.10048863732156839,USD/gH2
Low R&D Spending,Electrolysis R&D,Low Electrolysis R&D,Slow Progress on Electrolysis,50,Simple electrolysis,GHG,21.06014450646309,gCO2e/gH2
Low R&D Spending,Electrolysis R&D,Low Electrolysis R&D,Slow Progress on Electrolysis,50,Simple electrolysis,Jobs,8.200445176943634e-05,job/gH2
